ensembl_gene_id,ensembl_transcript_id,ensembl_exon_id,cds_start,cds_end
ENSG00000010361,ENST00000313777,ENSE00001251873,1,111
ENSG00000010361,ENST00000313777,ENSE00003529157,112,233
ENSG00000010361,ENST00000313777,ENSE00003510926,234,318
ENSG00000010361,ENST00000313777,ENSE00003661417,319,387
ENSG00000010361,ENST00000313777,ENSE00003532065,388,492
ENSG00000010361,ENST00000313777,ENSE00003551816,493,690
ENSG00000010361,ENST00000313777,ENSE00003636849,691,786
ENSG00000010361,ENST00000313777,ENSE00003587933,787,893
ENSG00000010361,ENST00000313777,ENSE00003516956,894,958
ENSG00000010361,ENST00000313777,ENSE00003539309,959,1033
ENSG00000010361,ENST00000313777,ENSE00002186940,1034,1257
ENSG00000010361,ENST00000529634,ENSE00003137513,1,66
ENSG00000010361,ENST00000529634,ENSE00003544719,67,144
ENSG00000010361,ENST00000529634,ENSE00003019035,145,170
ENSG00000010361,ENST00000529634,ENSE00002146105,NA,NA
ENSG00000010361,ENST00000528094,ENSE00003661417,211,279
ENSG00000010361,ENST00000528094,ENSE00003532065,280,384
ENSG00000010361,ENST00000528094,ENSE00003551816,385,582
ENSG00000010361,ENST00000528094,ENSE00003636849,583,678
ENSG00000010361,ENST00000528094,ENSE00003587933,679,785
ENSG00000010361,ENST00000528094,ENSE00003516956,786,850
ENSG00000010361,ENST00000528094,ENSE00003539309,851,925
ENSG00000010361,ENST00000528094,ENSE00002145695,1,111
ENSG00000010361,ENST00000528094,ENSE00003603035,112,210
ENSG00000010361,ENST00000528094,ENSE00002172294,926,1149
ENSG00000010361,ENST00000533418,ENSE00003510926,84,168
ENSG00000010361,ENST00000533418,ENSE00003661417,169,237
ENSG00000010361,ENST00000533418,ENSE00003532065,238,342
ENSG00000010361,ENST00000533418,ENSE00003551816,343,540
ENSG00000010361,ENST00000533418,ENSE00003636849,541,636
ENSG00000010361,ENST00000533418,ENSE00003587933,637,743
ENSG00000010361,ENST00000533418,ENSE00003516956,744,808
ENSG00000010361,ENST00000533418,ENSE00003539309,809,883
ENSG00000010361,ENST00000533418,ENSE00002172294,884,1107
ENSG00000010361,ENST00000533418,ENSE00002147156,NA,NA
ENSG00000010361,ENST00000533418,ENSE00003573525,1,83
ENSG00000010361,ENST00000529302,ENSE00003661417,19,87
ENSG00000010361,ENST00000529302,ENSE00002168482,NA,NA
ENSG00000010361,ENST00000529302,ENSE00002158390,NA,NA
ENSG00000010361,ENST00000529302,ENSE00003474376,NA,NA
ENSG00000010361,ENST00000529302,ENSE00003667966,1,18
ENSG00000010361,ENST00000529302,ENSE00002147146,88,174
ENSG00000010361,ENST00000526575,ENSE00003529157,112,233
ENSG00000010361,ENST00000526575,ENSE00003551160,234,261
ENSG00000010361,ENST00000526575,ENSE00002147326,1,111
ENSG00000010361,ENST00000526575,ENSE00002187083,NA,NA
ENSG00000101210,ENST00000706948,ENSE00000856590,1,144
ENSG00000101210,ENST00000706948,ENSE00003822954,NA,NA
ENSG00000101210,ENST00000706948,ENSE00002475952,145,324
ENSG00000101210,ENST00000706948,ENSE00000663463,325,621
ENSG00000101210,ENST00000706948,ENSE00000663462,622,772
ENSG00000101210,ENST00000706948,ENSE00000663461,773,1029
ENSG00000101210,ENST00000706948,ENSE00000663460,1030,1264
ENSG00000101210,ENST00000706948,ENSE00001251111,1265,1350
ENSG00000101210,ENST00000217182,ENSE00000856590,1,144
ENSG00000101210,ENST00000217182,ENSE00003822954,NA,NA
ENSG00000101210,ENST00000217182,ENSE00002475952,145,324
ENSG00000101210,ENST00000217182,ENSE00000663463,325,621
ENSG00000101210,ENST00000217182,ENSE00000663462,622,772
ENSG00000101210,ENST00000217182,ENSE00000663461,773,1029
ENSG00000101210,ENST00000217182,ENSE00000663460,1030,1264
ENSG00000101210,ENST00000217182,ENSE00003997564,1265,1392
ENSG00000101210,ENST00000706949,ENSE00000856590,1,144
ENSG00000101210,ENST00000706949,ENSE00003822954,NA,NA
ENSG00000101210,ENST00000706949,ENSE00002475952,145,324
ENSG00000101210,ENST00000706949,ENSE00000663463,325,621
ENSG00000101210,ENST00000706949,ENSE00000663462,622,772
ENSG00000101210,ENST00000706949,ENSE00000663461,773,1029
ENSG00000101210,ENST00000706949,ENSE00000663460,1030,1264
ENSG00000101210,ENST00000706949,ENSE00003997563,1265,1380
ENSG00000101210,ENST00000706949,ENSE00003997562,1381,1539
ENSG00000101210,ENST00000642899,ENSE00003822954,NA,NA
ENSG00000101210,ENST00000642899,ENSE00002475952,145,324
ENSG00000101210,ENST00000642899,ENSE00003826477,1,144
ENSG00000101210,ENST00000642899,ENSE00003826581,325,521
ENSG00000101210,ENST00000645357,ENSE00002475952,145,324
ENSG00000101210,ENST00000645357,ENSE00003817527,NA,NA
ENSG00000101210,ENST00000645357,ENSE00003824795,1,144
ENSG00000101210,ENST00000645357,ENSE00003827880,325,458
ENSG00000101210,ENST00000646335,ENSE00003828331,NA,NA
ENSG00000101210,ENST00000646335,ENSE00003828993,1,144
ENSG00000101210,ENST00000646335,ENSE00003824803,145,318
ENSG00000011243,ENST00000397410,ENSE00003693521,1,13
ENSG00000011243,ENST00000397410,ENSE00003607658,14,88
ENSG00000011243,ENST00000397410,ENSE00003547549,89,121
ENSG00000011243,ENST00000397410,ENSE00003568503,122,362
ENSG00000011243,ENST00000397410,ENSE00003575529,363,816
ENSG00000011243,ENST00000397410,ENSE00003710027,817,913
ENSG00000011243,ENST00000397410,ENSE00003707414,914,984
ENSG00000011243,ENST00000397410,ENSE00003705303,985,1048
ENSG00000011243,ENST00000397410,ENSE00003703289,1049,1157
ENSG00000011243,ENST00000397410,ENSE00003506012,1158,1299
ENSG00000011243,ENST00000397410,ENSE00003567904,1300,1405
ENSG00000011243,ENST00000397410,ENSE00003668730,1406,1536
ENSG00000011243,ENST00000397410,ENSE00003606649,1537,1632
ENSG00000011243,ENST00000397410,ENSE00003487431,1633,1941
ENSG00000011243,ENST00000595465,ENSE00003607658,14,88
ENSG00000011243,ENST00000595465,ENSE00003547549,89,121
ENSG00000011243,ENST00000595465,ENSE00003575529,180,633
ENSG00000011243,ENST00000595465,ENSE00003710027,634,730
ENSG00000011243,ENST00000595465,ENSE00003707414,731,801
ENSG00000011243,ENST00000595465,ENSE00003705303,802,865
ENSG00000011243,ENST00000595465,ENSE00003703289,866,974
ENSG00000011243,ENST00000595465,ENSE00003506012,975,1116
ENSG00000011243,ENST00000595465,ENSE00003567904,1117,1222
ENSG00000011243,ENST00000595465,ENSE00003668730,1223,1353
ENSG00000011243,ENST00000595465,ENSE00003606649,1354,1449
ENSG00000011243,ENST00000595465,ENSE00003487431,1450,1758
ENSG00000011243,ENST00000595465,ENSE00003563914,122,179
ENSG00000011243,ENST00000595465,ENSE00003133905,1,13
ENSG00000011243,ENST00000679638,ENSE00003607658,14,88
ENSG00000011243,ENST00000679638,ENSE00003547549,89,121
ENSG00000011243,ENST00000679638,ENSE00003568503,122,362
ENSG00000011243,ENST00000679638,ENSE00003575529,363,816
ENSG00000011243,ENST00000679638,ENSE00003710027,817,913
ENSG00000011243,ENST00000679638,ENSE00003707414,914,984
ENSG00000011243,ENST00000679638,ENSE00003705303,985,1048
ENSG00000011243,ENST00000679638,ENSE00003703289,1049,1157
ENSG00000011243,ENST00000679638,ENSE00003506012,1158,1299
ENSG00000011243,ENST00000679638,ENSE00003567904,1300,1405
ENSG00000011243,ENST00000679638,ENSE00003913611,1,13
ENSG00000011243,ENST00000679638,ENSE00003914653,1406,1459
ENSG00000011243,ENST00000679638,ENSE00003916011,1460,1555
ENSG00000011243,ENST00000679638,ENSE00003911035,1556,1611
ENSG00000011243,ENST00000680649,ENSE00003607658,14,88
ENSG00000011243,ENST00000680649,ENSE00003547549,89,121
ENSG00000011243,ENST00000680649,ENSE00003575529,261,714
ENSG00000011243,ENST00000680649,ENSE00003710027,715,811
ENSG00000011243,ENST00000680649,ENSE00003707414,812,882
ENSG00000011243,ENST00000680649,ENSE00003705303,883,946
ENSG00000011243,ENST00000680649,ENSE00003703289,947,1055
ENSG00000011243,ENST00000680649,ENSE00003506012,1056,1197
ENSG00000011243,ENST00000680649,ENSE00003567904,1198,1303
ENSG00000011243,ENST00000680649,ENSE00003668730,1304,1434
ENSG00000011243,ENST00000680649,ENSE00003606649,1435,1530
ENSG00000011243,ENST00000680649,ENSE00003563914,122,179
ENSG00000011243,ENST00000680649,ENSE00003706614,180,260
ENSG00000011243,ENST00000680649,ENSE00003914204,1,13
ENSG00000011243,ENST00000680649,ENSE00003910781,1531,1839
ENSG00000011243,ENST00000596195,ENSE00003693521,1,13
ENSG00000011243,ENST00000596195,ENSE00003607658,14,88
ENSG00000011243,ENST00000596195,ENSE00003568503,89,329
ENSG00000011243,ENST00000596195,ENSE00003000112,330,488
ENSG00000011243,ENST00000600247,ENSE00003704138,NA,NA
ENSG00000011243,ENST00000600247,ENSE00003711369,NA,NA
ENSG00000011243,ENST00000600247,ENSE00003120968,NA,NA
ENSG00000011243,ENST00000600247,ENSE00003578432,1,176
ENSG00000011243,ENST00000600247,ENSE00003006648,177,327
ENSG00000011243,ENST00000595067,ENSE00003693521,1,13
ENSG00000011243,ENST00000595067,ENSE00003607658,14,88
ENSG00000011243,ENST00000595067,ENSE00003022123,89,419
ENSG00000011243,ENST00000595067,ENSE00003033547,420,483
ENSG00000007080,ENST00000445755,ENSE00001765913,NA,NA
ENSG00000007080,ENST00000445755,ENSE00001658662,1,159
ENSG00000007080,ENST00000445755,ENSE00001056262,160,349
ENSG00000007080,ENST00000445755,ENSE00000689900,350,464
ENSG00000007080,ENST00000445755,ENSE00003035563,465,672
ENSG00000007080,ENST00000597436,ENSE00001658662,1,159
ENSG00000007080,ENST00000597436,ENSE00001056262,160,349
ENSG00000007080,ENST00000597436,ENSE00000689900,350,464
ENSG00000007080,ENST00000597436,ENSE00002985245,NA,NA
ENSG00000007080,ENST00000597436,ENSE00001125989,465,672
ENSG00000007080,ENST00000596123,ENSE00001056262,160,349
ENSG00000007080,ENST00000596123,ENSE00003206868,1,159
ENSG00000007080,ENST00000596123,ENSE00003149036,350,410
ENSG00000065054,ENST00000567504,ENSE00002615702,1,186
ENSG00000065054,ENST00000567504,ENSE00000665163,187,387
ENSG00000065054,ENST00000567504,ENSE00002619554,388,453
ENSG00000065054,ENST00000424542,ENSE00000665163,214,414
ENSG00000065054,ENST00000424542,ENSE00001720069,1,213
ENSG00000065054,ENST00000424542,ENSE00003459324,415,594
ENSG00000065054,ENST00000424542,ENSE00003556781,595,748
ENSG00000065054,ENST00000424542,ENSE00003588346,749,792
ENSG00000065054,ENST00000424542,ENSE00003560936,793,855
ENSG00000065054,ENST00000424542,ENSE00001652372,856,1014
ENSG00000065054,ENST00000432365,ENSE00000665163,214,414
ENSG00000065054,ENST00000432365,ENSE00003459324,415,594
ENSG00000065054,ENST00000432365,ENSE00003556781,595,748
ENSG00000065054,ENST00000432365,ENSE00003588346,749,792
ENSG00000065054,ENST00000432365,ENSE00003560936,793,855
ENSG00000065054,ENST00000432365,ENSE00002630385,1,213
ENSG00000065054,ENST00000432365,ENSE00001626489,856,981
ENSG00000065054,ENST00000563587,ENSE00003459324,97,276
ENSG00000065054,ENST00000563587,ENSE00003556781,277,430
ENSG00000065054,ENST00000563587,ENSE00003588346,431,474
ENSG00000065054,ENST00000563587,ENSE00003560936,475,537
ENSG00000065054,ENST00000563587,ENSE00002607720,1,96
ENSG00000065054,ENST00000563587,ENSE00002593166,538,696
ENSG00000065054,ENST00000561844,ENSE00003459324,30,209
ENSG00000065054,ENST00000561844,ENSE00003556781,210,363
ENSG00000065054,ENST00000561844,ENSE00003588346,364,407
ENSG00000065054,ENST00000561844,ENSE00003560936,408,470
ENSG00000065054,ENST00000561844,ENSE00002614888,1,29
ENSG00000065054,ENST00000561844,ENSE00002610041,471,500
ENSG00000065054,ENST00000565855,ENSE00003459324,76,255
ENSG00000065054,ENST00000565855,ENSE00003556781,256,409
ENSG00000065054,ENST00000565855,ENSE00003588346,410,453
ENSG00000065054,ENST00000565855,ENSE00003560936,454,516
ENSG00000065054,ENST00000565855,ENSE00002625717,1,75
ENSG00000065054,ENST00000565855,ENSE00002617863,517,671
ENSG00000065054,ENST00000566198,ENSE00003459324,82,261
ENSG00000065054,ENST00000566198,ENSE00003556781,262,415
ENSG00000065054,ENST00000566198,ENSE00003588346,416,459
ENSG00000065054,ENST00000566198,ENSE00003560936,460,522
ENSG00000065054,ENST00000566198,ENSE00002624194,1,81
ENSG00000065054,ENST00000566198,ENSE00002586811,523,681
ENSG00000072778,ENST00000543245,ENSE00001486780,1,28
ENSG00000072778,ENST00000543245,ENSE00002218812,29,131
ENSG00000072778,ENST00000543245,ENSE00003628984,132,207
ENSG00000072778,ENST00000543245,ENSE00003656333,208,273
ENSG00000072778,ENST00000543245,ENSE00003592784,274,346
ENSG00000072778,ENST00000543245,ENSE00003678875,347,411
ENSG00000072778,ENST00000543245,ENSE00003682500,412,546
ENSG00000072778,ENST00000543245,ENSE00003623330,547,691
ENSG00000072778,ENST00000543245,ENSE00003496224,692,821
ENSG00000072778,ENST00000543245,ENSE00003498077,822,947
ENSG00000072778,ENST00000543245,ENSE00003579906,948,1146
ENSG00000072778,ENST00000543245,ENSE00003626264,1147,1251
ENSG00000072778,ENST00000543245,ENSE00003539847,1252,1338
ENSG00000072778,ENST00000543245,ENSE00003495192,1339,1401
ENSG00000072778,ENST00000543245,ENSE00003587027,1402,1503
ENSG00000072778,ENST00000543245,ENSE00003650064,1504,1601
ENSG00000072778,ENST00000543245,ENSE00003600063,1602,1674
ENSG00000072778,ENST00000543245,ENSE00003624965,1675,1747
ENSG00000072778,ENST00000543245,ENSE00003511252,1748,1820
ENSG00000072778,ENST00000543245,ENSE00003579637,1821,1896
ENSG00000072778,ENST00000543245,ENSE00003602696,1897,2037
ENSG00000072778,ENST00000583312,ENSE00003628984,63,138
ENSG00000072778,ENST00000583312,ENSE00003656333,139,204
ENSG00000072778,ENST00000583312,ENSE00003592784,205,277
ENSG00000072778,ENST00000583312,ENSE00003678875,278,342
ENSG00000072778,ENST00000583312,ENSE00003682500,343,477
ENSG00000072778,ENST00000583312,ENSE00003623330,478,622
ENSG00000072778,ENST00000583312,ENSE00003485057,1,62
ENSG00000072778,ENST00000583312,ENSE00002692782,623,674
ENSG00000072778,ENST00000350303,ENSE00003628984,63,138
ENSG00000072778,ENST00000350303,ENSE00003592784,139,211
ENSG00000072778,ENST00000350303,ENSE00003678875,212,276
ENSG00000072778,ENST00000350303,ENSE00003682500,277,411
ENSG00000072778,ENST00000350303,ENSE00003623330,412,556
ENSG00000072778,ENST00000350303,ENSE00003496224,557,686
ENSG00000072778,ENST00000350303,ENSE00003498077,687,812
ENSG00000072778,ENST00000350303,ENSE00003579906,813,1011
ENSG00000072778,ENST00000350303,ENSE00003626264,1012,1116
ENSG00000072778,ENST00000350303,ENSE00003539847,1117,1203
ENSG00000072778,ENST00000350303,ENSE00003495192,1204,1266
ENSG00000072778,ENST00000350303,ENSE00003587027,1267,1368
ENSG00000072778,ENST00000350303,ENSE00003650064,1369,1466
ENSG00000072778,ENST00000350303,ENSE00003600063,1467,1539
ENSG00000072778,ENST00000350303,ENSE00003624965,1540,1612
ENSG00000072778,ENST00000350303,ENSE00003511252,1613,1685
ENSG00000072778,ENST00000350303,ENSE00003579637,1686,1761
ENSG00000072778,ENST00000350303,ENSE00002699341,1,62
ENSG00000072778,ENST00000350303,ENSE00002722283,1762,1902
ENSG00000072778,ENST00000584103,ENSE00003628984,63,138
ENSG00000072778,ENST00000584103,ENSE00003656333,139,204
ENSG00000072778,ENST00000584103,ENSE00003592784,205,277
ENSG00000072778,ENST00000584103,ENSE00003678875,278,342
ENSG00000072778,ENST00000584103,ENSE00002721019,1,62
ENSG00000072778,ENST00000584103,ENSE00002712568,343,473
ENSG00000072778,ENST00000356839,ENSE00003628984,63,138
ENSG00000072778,ENST00000356839,ENSE00003656333,139,204
ENSG00000072778,ENST00000356839,ENSE00003592784,205,277
ENSG00000072778,ENST00000356839,ENSE00003678875,278,342
ENSG00000072778,ENST00000356839,ENSE00003682500,343,477
ENSG00000072778,ENST00000356839,ENSE00003623330,478,622
ENSG00000072778,ENST00000356839,ENSE00003496224,623,752
ENSG00000072778,ENST00000356839,ENSE00003498077,753,878
ENSG00000072778,ENST00000356839,ENSE00003579906,879,1077
ENSG00000072778,ENST00000356839,ENSE00003626264,1078,1182
ENSG00000072778,ENST00000356839,ENSE00003539847,1183,1269
ENSG00000072778,ENST00000356839,ENSE00003495192,1270,1332
ENSG00000072778,ENST00000356839,ENSE00003587027,1333,1434
ENSG00000072778,ENST00000356839,ENSE00003650064,1435,1532
ENSG00000072778,ENST00000356839,ENSE00003600063,1533,1605
ENSG00000072778,ENST00000356839,ENSE00003624965,1606,1678
ENSG00000072778,ENST00000356839,ENSE00003511252,1679,1751
ENSG00000072778,ENST00000356839,ENSE00003579637,1752,1827
ENSG00000072778,ENST00000356839,ENSE00003602696,1828,1968
ENSG00000072778,ENST00000356839,ENSE00001486705,1,62
ENSG00000072778,ENST00000579886,ENSE00003628984,63,138
ENSG00000072778,ENST00000579886,ENSE00003623330,316,460
ENSG00000072778,ENST00000579886,ENSE00002718102,1,62
ENSG00000072778,ENST00000579886,ENSE00002695923,139,201
ENSG00000072778,ENST00000579886,ENSE00002697698,202,315
ENSG00000072778,ENST00000579886,ENSE00002889914,461,465
ENSG00000072778,ENST00000542255,ENSE00003539847,41,127
ENSG00000072778,ENST00000542255,ENSE00003495192,128,190
ENSG00000072778,ENST00000542255,ENSE00003587027,191,292
ENSG00000072778,ENST00000542255,ENSE00003650064,293,390
ENSG00000072778,ENST00000542255,ENSE00003600063,391,463
ENSG00000072778,ENST00000542255,ENSE00003624965,464,536
ENSG00000072778,ENST00000542255,ENSE00003602696,707,847
ENSG00000072778,ENST00000542255,ENSE00002691213,1,40
ENSG00000072778,ENST00000542255,ENSE00002691261,537,706
ENSG00000072778,ENST00000579546,ENSE00003539847,20,106
ENSG00000072778,ENST00000579546,ENSE00003495192,107,169
ENSG00000072778,ENST00000579546,ENSE00003587027,170,271
ENSG00000072778,ENST00000579546,ENSE00003511252,414,486
ENSG00000072778,ENST00000579546,ENSE00003579637,487,562
ENSG00000072778,ENST00000579546,ENSE00003574374,272,344
ENSG00000072778,ENST00000579546,ENSE00002713462,1,19
ENSG00000072778,ENST00000579546,ENSE00003667762,345,413
ENSG00000072778,ENST00000579546,ENSE00002720887,563,582
ENSG00000008441,ENST00000592199,ENSE00003908028,1,27
ENSG00000008441,ENST00000592199,ENSE00003674153,28,559
ENSG00000008441,ENST00000592199,ENSE00003634013,560,622
ENSG00000008441,ENST00000592199,ENSE00003567637,623,697
ENSG00000008441,ENST00000592199,ENSE00003525435,698,818
ENSG00000008441,ENST00000592199,ENSE00003585342,819,955
ENSG00000008441,ENST00000592199,ENSE00003480560,956,1078
ENSG00000008441,ENST00000592199,ENSE00003591998,1079,1254
ENSG00000008441,ENST00000592199,ENSE00003488314,1255,1402
ENSG00000008441,ENST00000592199,ENSE00003636536,1403,1494
ENSG00000008441,ENST00000592199,ENSE00003909140,1495,1509
ENSG00000008441,ENST00000397661,ENSE00003674153,28,559
ENSG00000008441,ENST00000397661,ENSE00003634013,560,622
ENSG00000008441,ENST00000397661,ENSE00003567637,623,697
ENSG00000008441,ENST00000397661,ENSE00003525435,698,818
ENSG00000008441,ENST00000397661,ENSE00003585342,819,955
ENSG00000008441,ENST00000397661,ENSE00003480560,956,1078
ENSG00000008441,ENST00000397661,ENSE00003591998,1079,1254
ENSG00000008441,ENST00000397661,ENSE00001484291,1,27
ENSG00000008441,ENST00000397661,ENSE00003673903,1255,1326
ENSG00000008441,ENST00000397661,ENSE00002861908,NA,NA
ENSG00000008441,ENST00000590027,ENSE00002904139,NA,NA
ENSG00000008441,ENST00000590027,ENSE00002776483,1,386
ENSG00000008441,ENST00000587760,ENSE00003674153,4,535
ENSG00000008441,ENST00000587760,ENSE00003634013,536,598
ENSG00000008441,ENST00000587760,ENSE00003567637,599,673
ENSG00000008441,ENST00000587760,ENSE00003525435,674,794
ENSG00000008441,ENST00000587760,ENSE00003585342,795,931
ENSG00000008441,ENST00000587760,ENSE00003480560,932,1054
ENSG00000008441,ENST00000587760,ENSE00003591998,1055,1230
ENSG00000008441,ENST00000587760,ENSE00003673903,1231,1302
ENSG00000008441,ENST00000587760,ENSE00002968121,1,3
ENSG00000008441,ENST00000587760,ENSE00002956673,NA,NA
ENSG00000008441,ENST00000585575,ENSE00003674153,4,535
ENSG00000008441,ENST00000585575,ENSE00003634013,536,598
ENSG00000008441,ENST00000585575,ENSE00003567637,599,673
ENSG00000008441,ENST00000585575,ENSE00003525435,674,794
ENSG00000008441,ENST00000585575,ENSE00003585342,795,931
ENSG00000008441,ENST00000585575,ENSE00003480560,932,1054
ENSG00000008441,ENST00000585575,ENSE00003591998,1055,1230
ENSG00000008441,ENST00000585575,ENSE00003488314,1231,1378
ENSG00000008441,ENST00000585575,ENSE00003636536,1379,1470
ENSG00000008441,ENST00000585575,ENSE00002852064,1,3
ENSG00000008441,ENST00000585575,ENSE00002903493,1471,1485
ENSG00000008441,ENST00000360105,ENSE00003674153,37,568
ENSG00000008441,ENST00000360105,ENSE00003634013,569,631
ENSG00000008441,ENST00000360105,ENSE00003567637,632,706
ENSG00000008441,ENST00000360105,ENSE00003525435,707,827
ENSG00000008441,ENST00000360105,ENSE00003585342,828,964
ENSG00000008441,ENST00000360105,ENSE00003591998,965,1140
ENSG00000008441,ENST00000360105,ENSE00003673903,1141,1212
ENSG00000008441,ENST00000360105,ENSE00002823152,1,36
ENSG00000008441,ENST00000360105,ENSE00003524155,NA,NA
ENSG00000008441,ENST00000588228,ENSE00003634013,419,481
ENSG00000008441,ENST00000588228,ENSE00003567637,482,556
ENSG00000008441,ENST00000588228,ENSE00003525435,557,677
ENSG00000008441,ENST00000588228,ENSE00003585342,678,814
ENSG00000008441,ENST00000588228,ENSE00003480560,815,937
ENSG00000008441,ENST00000588228,ENSE00003591998,938,1113
ENSG00000008441,ENST00000588228,ENSE00003488314,1114,1261
ENSG00000008441,ENST00000588228,ENSE00003636536,1262,1353
ENSG00000008441,ENST00000588228,ENSE00002942047,NA,NA
ENSG00000008441,ENST00000588228,ENSE00003519907,1,418
ENSG00000008441,ENST00000588228,ENSE00002754529,1354,1368
ENSG00000008441,ENST00000676441,ENSE00003674153,52,583
ENSG00000008441,ENST00000676441,ENSE00003634013,584,646
ENSG00000008441,ENST00000676441,ENSE00003567637,647,721
ENSG00000008441,ENST00000676441,ENSE00003525435,722,842
ENSG00000008441,ENST00000676441,ENSE00003585342,843,979
ENSG00000008441,ENST00000676441,ENSE00003480560,980,1102
ENSG00000008441,ENST00000676441,ENSE00003591998,1103,1278
ENSG00000008441,ENST00000676441,ENSE00003488314,1279,1426
ENSG00000008441,ENST00000676441,ENSE00003636536,1427,1518
ENSG00000008441,ENST00000676441,ENSE00002754529,1519,1533
ENSG00000008441,ENST00000676441,ENSE00003900485,1,51
ENSG00000008441,ENST00000591028,ENSE00002945663,1,75
ENSG00000008441,ENST00000591028,ENSE00002805466,76,550
ENSG00000008441,ENST00000586873,ENSE00002847390,NA,NA
ENSG00000008441,ENST00000586873,ENSE00002927640,1,376
ENSG00000008441,ENST00000358552,ENSE00003634013,557,619
ENSG00000008441,ENST00000358552,ENSE00003567637,620,694
ENSG00000008441,ENST00000358552,ENSE00003525435,695,815
ENSG00000008441,ENST00000358552,ENSE00003585342,816,952
ENSG00000008441,ENST00000358552,ENSE00003591998,953,1128
ENSG00000008441,ENST00000358552,ENSE00003488314,1129,1276
ENSG00000008441,ENST00000358552,ENSE00003636536,1277,1368
ENSG00000008441,ENST00000358552,ENSE00001184017,1,556
ENSG00000008441,ENST00000358552,ENSE00003928402,1369,1383
ENSG00000008441,ENST00000622520,ENSE00003634013,557,619
ENSG00000008441,ENST00000622520,ENSE00003567637,620,694
ENSG00000008441,ENST00000622520,ENSE00003525435,695,815
ENSG00000008441,ENST00000622520,ENSE00003585342,816,952
ENSG00000008441,ENST00000622520,ENSE00003480560,953,1075
ENSG00000008441,ENST00000622520,ENSE00003636536,1076,1167
ENSG00000008441,ENST00000622520,ENSE00001184017,1,556
ENSG00000008441,ENST00000622520,ENSE00003589775,1168,1182
ENSG00000008441,ENST00000587260,ENSE00003634013,557,619
ENSG00000008441,ENST00000587260,ENSE00003567637,620,694
ENSG00000008441,ENST00000587260,ENSE00003525435,695,815
ENSG00000008441,ENST00000587260,ENSE00003585342,816,952
ENSG00000008441,ENST00000587260,ENSE00003480560,953,1075
ENSG00000008441,ENST00000587260,ENSE00003591998,1076,1251
ENSG00000008441,ENST00000587260,ENSE00003673903,1252,1323
ENSG00000008441,ENST00000587260,ENSE00002838696,1,556
ENSG00000008441,ENST00000587260,ENSE00002770106,NA,NA
ENSG00000008441,ENST00000693124,ENSE00003634013,378,440
ENSG00000008441,ENST00000693124,ENSE00003567637,441,515
ENSG00000008441,ENST00000693124,ENSE00003525435,516,636
ENSG00000008441,ENST00000693124,ENSE00003585342,637,773
ENSG00000008441,ENST00000693124,ENSE00003636536,774,865
ENSG00000008441,ENST00000693124,ENSE00003931545,1,377
ENSG00000008441,ENST00000693124,ENSE00003923696,866,880
ENSG00000003402,ENST00000443227,ENSE00001604629,NA,NA
ENSG00000003402,ENST00000443227,ENSE00003691588,1,99
ENSG00000003402,ENST00000443227,ENSE00003682105,100,235
ENSG00000003402,ENST00000443227,ENSE00003055759,236,318
ENSG00000003402,ENST00000443227,ENSE00003640229,319,373
ENSG00000003402,ENST00000443227,ENSE00003651940,374,423
ENSG00000003402,ENST00000443227,ENSE00003784075,424,505
ENSG00000003402,ENST00000443227,ENSE00003513466,506,1016
ENSG00000003402,ENST00000443227,ENSE00001623689,1017,1155
ENSG00000003402,ENST00000309955,ENSE00003682105,388,523
ENSG00000003402,ENST00000309955,ENSE00003055759,524,606
ENSG00000003402,ENST00000309955,ENSE00003640229,607,661
ENSG00000003402,ENST00000309955,ENSE00003651940,662,711
ENSG00000003402,ENST00000309955,ENSE00003784075,712,793
ENSG00000003402,ENST00000309955,ENSE00003513466,794,1304
ENSG00000003402,ENST00000309955,ENSE00001717236,NA,NA
ENSG00000003402,ENST00000309955,ENSE00002684918,1,281
ENSG00000003402,ENST00000309955,ENSE00003790546,282,387
ENSG00000003402,ENST00000309955,ENSE00001931152,1305,1443
ENSG00000003402,ENST00000341222,ENSE00003682105,388,523
ENSG00000003402,ENST00000341222,ENSE00003055759,524,606
ENSG00000003402,ENST00000341222,ENSE00002684918,1,281
ENSG00000003402,ENST00000341222,ENSE00003790546,282,387
ENSG00000003402,ENST00000341222,ENSE00001253295,NA,NA
ENSG00000003402,ENST00000341222,ENSE00001671465,607,666
ENSG00000003402,ENST00000341582,ENSE00003682105,388,523
ENSG00000003402,ENST00000341582,ENSE00003055759,524,606
ENSG00000003402,ENST00000341582,ENSE00003784075,607,688
ENSG00000003402,ENST00000341582,ENSE00003513466,689,1199
ENSG00000003402,ENST00000341582,ENSE00002684918,1,281
ENSG00000003402,ENST00000341582,ENSE00003790546,282,387
ENSG00000003402,ENST00000341582,ENSE00001877784,NA,NA
ENSG00000003402,ENST00000341582,ENSE00001768912,1200,1338
ENSG00000003402,ENST00000342795,ENSE00003682105,388,523
ENSG00000003402,ENST00000342795,ENSE00003055759,524,606
ENSG00000003402,ENST00000342795,ENSE00003640229,607,661
ENSG00000003402,ENST00000342795,ENSE00003651940,662,711
ENSG00000003402,ENST00000342795,ENSE00003784075,712,793
ENSG00000003402,ENST00000342795,ENSE00002684918,1,281
ENSG00000003402,ENST00000342795,ENSE00003790546,282,387
ENSG00000003402,ENST00000342795,ENSE00001914733,NA,NA
ENSG00000003402,ENST00000342795,ENSE00001862667,794,879
ENSG00000003402,ENST00000395148,ENSE00003682105,388,523
ENSG00000003402,ENST00000395148,ENSE00002684918,1,281
ENSG00000003402,ENST00000395148,ENSE00003790546,282,387
ENSG00000003402,ENST00000395148,ENSE00001564281,NA,NA
ENSG00000003402,ENST00000395148,ENSE00001647382,524,753
ENSG00000003402,ENST00000441224,ENSE00002684918,1,281
ENSG00000003402,ENST00000441224,ENSE00003790546,282,387
ENSG00000003402,ENST00000441224,ENSE00001802556,NA,NA
ENSG00000003402,ENST00000433445,ENSE00001700691,NA,NA
ENSG00000003402,ENST00000433445,ENSE00001774293,1,194
ENSG00000003402,ENST00000423241,ENSE00003682105,388,523
ENSG00000003402,ENST00000423241,ENSE00003055759,524,606
ENSG00000003402,ENST00000423241,ENSE00003640229,607,661
ENSG00000003402,ENST00000423241,ENSE00003651940,662,711
ENSG00000003402,ENST00000423241,ENSE00003784075,712,793
ENSG00000003402,ENST00000423241,ENSE00003513466,794,1304
ENSG00000003402,ENST00000423241,ENSE00002684918,1,281
ENSG00000003402,ENST00000423241,ENSE00003790546,282,387
ENSG00000003402,ENST00000423241,ENSE00001875696,NA,NA
ENSG00000003402,ENST00000423241,ENSE00001662436,1305,1443
ENSG00000003402,ENST00000425030,ENSE00001698282,NA,NA
ENSG00000003402,ENST00000425030,ENSE00001661375,1,188
ENSG00000003402,ENST00000417748,ENSE00002684918,1,281
ENSG00000003402,ENST00000417748,ENSE00001596597,NA,NA
ENSG00000003402,ENST00000417748,ENSE00001667428,282,355
ENSG00000003402,ENST00000440180,ENSE00003682105,388,523
ENSG00000003402,ENST00000440180,ENSE00003055759,524,606
ENSG00000003402,ENST00000440180,ENSE00003790546,282,387
ENSG00000003402,ENST00000440180,ENSE00001719578,1,281
ENSG00000003402,ENST00000440180,ENSE00001620815,607,666
ENSG00000003402,ENST00000457277,ENSE00003682105,388,523
ENSG00000003402,ENST00000457277,ENSE00003055759,524,606
ENSG00000003402,ENST00000457277,ENSE00003640229,607,661
ENSG00000003402,ENST00000457277,ENSE00003651940,662,711
ENSG00000003402,ENST00000457277,ENSE00003784075,712,793
ENSG00000003402,ENST00000457277,ENSE00003513466,794,1304
ENSG00000003402,ENST00000457277,ENSE00003790546,282,387
ENSG00000003402,ENST00000457277,ENSE00001695187,1,281
ENSG00000003402,ENST00000457277,ENSE00001630714,1305,1389
ENSG00000003402,ENST00000494258,ENSE00003691588,1,99
ENSG00000003402,ENST00000494258,ENSE00003682105,100,235
ENSG00000003402,ENST00000494258,ENSE00001840278,NA,NA
ENSG00000003402,ENST00000494258,ENSE00001924305,236,354
ENSG00000003402,ENST00000470178,ENSE00003682105,100,235
ENSG00000003402,ENST00000470178,ENSE00003055759,236,318
ENSG00000003402,ENST00000470178,ENSE00001945284,1,99
ENSG00000003402,ENST00000470178,ENSE00002225107,319,352
ENSG00000003402,ENST00000462763,ENSE00003682105,100,235
ENSG00000003402,ENST00000462763,ENSE00003055759,236,318
ENSG00000003402,ENST00000462763,ENSE00003640229,319,373
ENSG00000003402,ENST00000462763,ENSE00003651940,374,423
ENSG00000003402,ENST00000462763,ENSE00003784075,424,505
ENSG00000003402,ENST00000462763,ENSE00001913158,1,99
ENSG00000003402,ENST00000479953,ENSE00003682105,100,235
ENSG00000003402,ENST00000479953,ENSE00003055759,236,318
ENSG00000003402,ENST00000479953,ENSE00003640229,319,373
ENSG00000003402,ENST00000479953,ENSE00003651940,374,423
ENSG00000003402,ENST00000479953,ENSE00003784075,424,505
ENSG00000003402,ENST00000479953,ENSE00003513466,506,1016
ENSG00000003402,ENST00000479953,ENSE00001861842,1,99
ENSG00000003402,ENST00000479953,ENSE00003207830,1017,1101
ENSG00000115310,ENST00000394609,ENSE00001518992,1,34
ENSG00000115310,ENST00000394609,ENSE00001330486,35,242
ENSG00000115310,ENST00000394609,ENSE00003671987,243,381
ENSG00000115310,ENST00000394609,ENSE00000809957,382,451
ENSG00000115310,ENST00000394609,ENSE00000809956,452,498
ENSG00000115310,ENST00000394609,ENSE00003581476,499,557
ENSG00000115310,ENST00000394609,ENSE00003740112,558,600
ENSG00000115310,ENST00000405240,ENSE00001330486,2396,2603
ENSG00000115310,ENST00000405240,ENSE00003671987,2604,2742
ENSG00000115310,ENST00000405240,ENSE00000809957,2743,2812
ENSG00000115310,ENST00000405240,ENSE00000809956,2813,2859
ENSG00000115310,ENST00000405240,ENSE00003581476,2860,2918
ENSG00000115310,ENST00000405240,ENSE00001550222,NA,NA
ENSG00000115310,ENST00000405240,ENSE00003549874,NA,NA
ENSG00000115310,ENST00000405240,ENSE00003542139,1,2395
ENSG00000115310,ENST00000405240,ENSE00001555275,2919,2961
ENSG00000115310,ENST00000357376,ENSE00001330486,2396,2603
ENSG00000115310,ENST00000357376,ENSE00003671987,2604,2742
ENSG00000115310,ENST00000357376,ENSE00000809957,2743,2812
ENSG00000115310,ENST00000357376,ENSE00000809956,2813,2859
ENSG00000115310,ENST00000357376,ENSE00003581476,2860,2918
ENSG00000115310,ENST00000357376,ENSE00003549874,NA,NA
ENSG00000115310,ENST00000357376,ENSE00003542139,1,2395
ENSG00000115310,ENST00000357376,ENSE00001555275,2919,2961
ENSG00000115310,ENST00000357376,ENSE00001518994,NA,NA
ENSG00000115310,ENST00000337526,ENSE00001330486,3014,3221
ENSG00000115310,ENST00000337526,ENSE00003671987,3222,3360
ENSG00000115310,ENST00000337526,ENSE00000809957,3361,3430
ENSG00000115310,ENST00000337526,ENSE00000809956,3431,3477
ENSG00000115310,ENST00000337526,ENSE00003581476,3478,3536
ENSG00000115310,ENST00000337526,ENSE00001555275,3537,3579
ENSG00000115310,ENST00000337526,ENSE00003850245,1,556
ENSG00000115310,ENST00000337526,ENSE00003515856,557,613
ENSG00000115310,ENST00000337526,ENSE00003529090,614,3013
ENSG00000115310,ENST00000317610,ENSE00001330486,557,764
ENSG00000115310,ENST00000317610,ENSE00003671987,765,903
ENSG00000115310,ENST00000317610,ENSE00000809957,904,973
ENSG00000115310,ENST00000317610,ENSE00000809956,974,1020
ENSG00000115310,ENST00000317610,ENSE00003581476,1021,1079
ENSG00000115310,ENST00000317610,ENSE00001555275,1080,1122
ENSG00000115310,ENST00000317610,ENSE00001330411,1,556
ENSG00000115310,ENST00000357732,ENSE00001330486,614,821
ENSG00000115310,ENST00000357732,ENSE00003671987,822,960
ENSG00000115310,ENST00000357732,ENSE00000809957,961,1030
ENSG00000115310,ENST00000357732,ENSE00000809956,1031,1077
ENSG00000115310,ENST00000357732,ENSE00003581476,1078,1136
ENSG00000115310,ENST00000357732,ENSE00001555275,1137,1179
ENSG00000115310,ENST00000357732,ENSE00003515856,557,613
ENSG00000115310,ENST00000357732,ENSE00001330411,1,556
ENSG00000115310,ENST00000394611,ENSE00001330486,2396,2603
ENSG00000115310,ENST00000394611,ENSE00003671987,2604,2742
ENSG00000115310,ENST00000394611,ENSE00000809957,2743,2812
ENSG00000115310,ENST00000394611,ENSE00000809956,2813,2859
ENSG00000115310,ENST00000394611,ENSE00003581476,2860,2918
ENSG00000115310,ENST00000394611,ENSE00003549874,NA,NA
ENSG00000115310,ENST00000394611,ENSE00003542139,1,2395
ENSG00000115310,ENST00000394611,ENSE00001555275,2919,2961
ENSG00000115310,ENST00000394611,ENSE00001476633,NA,NA
ENSG00000115310,ENST00000404909,ENSE00001330486,2396,2603
ENSG00000115310,ENST00000404909,ENSE00003671987,2604,2742
ENSG00000115310,ENST00000404909,ENSE00000809957,2743,2812
ENSG00000115310,ENST00000404909,ENSE00000809956,2813,2859
ENSG00000115310,ENST00000404909,ENSE00003581476,2860,2918
ENSG00000115310,ENST00000404909,ENSE00003549874,NA,NA
ENSG00000115310,ENST00000404909,ENSE00003542139,1,2395
ENSG00000115310,ENST00000404909,ENSE00001555275,2919,2961
ENSG00000115310,ENST00000404909,ENSE00001552513,NA,NA
ENSG00000115310,ENST00000486085,ENSE00003671987,144,282
ENSG00000115310,ENST00000486085,ENSE00003581476,283,341
ENSG00000115310,ENST00000486085,ENSE00001905084,1,143
ENSG00000115310,ENST00000486085,ENSE00001381604,342,384
ENSG00000115310,ENST00000438462,ENSE00001330486,84,291
ENSG00000115310,ENST00000438462,ENSE00003671987,292,430
ENSG00000115310,ENST00000438462,ENSE00000809957,431,500
ENSG00000115310,ENST00000438462,ENSE00000809956,501,547
ENSG00000115310,ENST00000438462,ENSE00001625367,1,83
ENSG00000115310,ENST00000438462,ENSE00001769621,548,610
ENSG00000115310,ENST00000427710,ENSE00003549874,NA,NA
ENSG00000115310,ENST00000427710,ENSE00001713282,NA,NA
ENSG00000115310,ENST00000427710,ENSE00001796977,NA,NA
ENSG00000115310,ENST00000427710,ENSE00001674613,1,274
ENSG00000010803,ENST00000326197,ENSE00003476485,NA,NA
ENSG00000010803,ENST00000326197,ENSE00003669611,NA,NA
ENSG00000010803,ENST00000326197,ENSE00001146734,1,76
ENSG00000010803,ENST00000326197,ENSE00003526466,77,147
ENSG00000010803,ENST00000326197,ENSE00003693990,148,382
ENSG00000010803,ENST00000326197,ENSE00000870127,383,471
ENSG00000010803,ENST00000326197,ENSE00000768876,472,715
ENSG00000010803,ENST00000326197,ENSE00000768714,716,948
ENSG00000010803,ENST00000326197,ENSE00000768679,949,1075
ENSG00000010803,ENST00000326197,ENSE00003561389,1076,1276
ENSG00000010803,ENST00000326197,ENSE00003619263,1277,1468
ENSG00000010803,ENST00000326197,ENSE00003469342,1469,1648
ENSG00000010803,ENST00000326197,ENSE00003690326,1649,1714
ENSG00000010803,ENST00000326197,ENSE00003515629,1715,1857
ENSG00000010803,ENST00000326197,ENSE00001190678,1858,1983
ENSG00000010803,ENST00000372595,ENSE00003476485,NA,NA
ENSG00000010803,ENST00000372595,ENSE00000870127,200,288
ENSG00000010803,ENST00000372595,ENSE00000768876,289,532
ENSG00000010803,ENST00000372595,ENSE00000768714,533,765
ENSG00000010803,ENST00000372595,ENSE00000768679,766,892
ENSG00000010803,ENST00000372595,ENSE00003561389,893,1093
ENSG00000010803,ENST00000372595,ENSE00003619263,1094,1285
ENSG00000010803,ENST00000372595,ENSE00003469342,1286,1465
ENSG00000010803,ENST00000372595,ENSE00003690326,1466,1531
ENSG00000010803,ENST00000372595,ENSE00003515629,1532,1674
ENSG00000010803,ENST00000372595,ENSE00001190678,1675,1800
ENSG00000010803,ENST00000372595,ENSE00001458168,NA,NA
ENSG00000010803,ENST00000372595,ENSE00003554892,NA,NA
ENSG00000010803,ENST00000372595,ENSE00003676021,NA,NA
ENSG00000010803,ENST00000372595,ENSE00003491976,1,199
ENSG00000010803,ENST00000337495,ENSE00003526466,107,177
ENSG00000010803,ENST00000337495,ENSE00003693990,178,412
ENSG00000010803,ENST00000337495,ENSE00000870127,413,501
ENSG00000010803,ENST00000337495,ENSE00000768876,502,745
ENSG00000010803,ENST00000337495,ENSE00000768714,746,978
ENSG00000010803,ENST00000337495,ENSE00000768679,979,1105
ENSG00000010803,ENST00000337495,ENSE00003561389,1106,1306
ENSG00000010803,ENST00000337495,ENSE00003619263,1307,1498
ENSG00000010803,ENST00000337495,ENSE00003469342,1499,1678
ENSG00000010803,ENST00000337495,ENSE00003515629,1679,1821
ENSG00000010803,ENST00000337495,ENSE00001190678,1822,1947
ENSG00000010803,ENST00000337495,ENSE00001458173,NA,NA
ENSG00000010803,ENST00000337495,ENSE00003628096,1,13
ENSG00000010803,ENST00000337495,ENSE00003475050,14,82
ENSG00000010803,ENST00000337495,ENSE00003503603,83,106
ENSG00000010803,ENST00000372596,ENSE00003476485,NA,NA
ENSG00000010803,ENST00000372596,ENSE00003669611,NA,NA
ENSG00000010803,ENST00000372596,ENSE00000870127,200,288
ENSG00000010803,ENST00000372596,ENSE00000768876,289,532
ENSG00000010803,ENST00000372596,ENSE00000768714,533,765
ENSG00000010803,ENST00000372596,ENSE00000768679,766,892
ENSG00000010803,ENST00000372596,ENSE00003561389,893,1093
ENSG00000010803,ENST00000372596,ENSE00003619263,1094,1285
ENSG00000010803,ENST00000372596,ENSE00003469342,1286,1465
ENSG00000010803,ENST00000372596,ENSE00003515629,1466,1608
ENSG00000010803,ENST00000372596,ENSE00001190678,1609,1734
ENSG00000010803,ENST00000372596,ENSE00003554892,NA,NA
ENSG00000010803,ENST00000372596,ENSE00003676021,NA,NA
ENSG00000010803,ENST00000372596,ENSE00003491976,1,199
ENSG00000010803,ENST00000372596,ENSE00001458191,NA,NA
ENSG00000010803,ENST00000372596,ENSE00003485002,NA,NA
ENSG00000010803,ENST00000372597,ENSE00003476485,NA,NA
ENSG00000010803,ENST00000372597,ENSE00003693990,7,241
ENSG00000010803,ENST00000372597,ENSE00000870127,242,330
ENSG00000010803,ENST00000372597,ENSE00000768876,331,574
ENSG00000010803,ENST00000372597,ENSE00000768714,575,807
ENSG00000010803,ENST00000372597,ENSE00000768679,808,934
ENSG00000010803,ENST00000372597,ENSE00003561389,935,1135
ENSG00000010803,ENST00000372597,ENSE00003619263,1136,1327
ENSG00000010803,ENST00000372597,ENSE00003469342,1328,1507
ENSG00000010803,ENST00000372597,ENSE00003515629,1508,1650
ENSG00000010803,ENST00000372597,ENSE00001190678,1651,1776
ENSG00000010803,ENST00000372597,ENSE00003554892,NA,NA
ENSG00000010803,ENST00000372597,ENSE00001458191,NA,NA
ENSG00000010803,ENST00000372597,ENSE00003485002,NA,NA
ENSG00000010803,ENST00000372597,ENSE00003673329,1,6
ENSG00000010803,ENST00000695335,ENSE00003526466,107,177
ENSG00000010803,ENST00000695335,ENSE00003693990,178,412
ENSG00000010803,ENST00000695335,ENSE00000870127,413,501
ENSG00000010803,ENST00000695335,ENSE00000768876,502,745
ENSG00000010803,ENST00000695335,ENSE00000768714,746,978
ENSG00000010803,ENST00000695335,ENSE00000768679,979,1105
ENSG00000010803,ENST00000695335,ENSE00003561389,1106,1306
ENSG00000010803,ENST00000695335,ENSE00003619263,1307,1498
ENSG00000010803,ENST00000695335,ENSE00003469342,1499,1678
ENSG00000010803,ENST00000695335,ENSE00003690326,1679,1744
ENSG00000010803,ENST00000695335,ENSE00003515629,1745,1887
ENSG00000010803,ENST00000695335,ENSE00001190678,1888,2013
ENSG00000010803,ENST00000695335,ENSE00003628096,1,13
ENSG00000010803,ENST00000695335,ENSE00003475050,14,82
ENSG00000010803,ENST00000695335,ENSE00003503603,83,106
ENSG00000010803,ENST00000695335,ENSE00003963459,NA,NA
ENSG00000010803,ENST00000472037,ENSE00003690326,92,157
ENSG00000010803,ENST00000472037,ENSE00003515629,158,300
ENSG00000010803,ENST00000472037,ENSE00001929201,1,91
ENSG00000010803,ENST00000472037,ENSE00001890171,301,426
ENSG00000010803,ENST00000472037,ENSE00001885547,NA,NA
ENSG00000010803,ENST00000695336,ENSE00003526466,107,177
ENSG00000010803,ENST00000695336,ENSE00003693990,178,412
ENSG00000010803,ENST00000695336,ENSE00000870127,413,501
ENSG00000010803,ENST00000695336,ENSE00000768876,502,745
ENSG00000010803,ENST00000695336,ENSE00003561389,746,946
ENSG00000010803,ENST00000695336,ENSE00003619263,947,1138
ENSG00000010803,ENST00000695336,ENSE00003469342,1139,1318
ENSG00000010803,ENST00000695336,ENSE00003690326,1319,1384
ENSG00000010803,ENST00000695336,ENSE00003515629,1385,1527
ENSG00000010803,ENST00000695336,ENSE00003475050,14,82
ENSG00000010803,ENST00000695336,ENSE00003503603,83,106
ENSG00000010803,ENST00000695336,ENSE00003963461,1,13
ENSG00000010803,ENST00000695336,ENSE00003963457,1528,1653
ENSG00000010803,ENST00000456518,ENSE00003693990,7,241
ENSG00000010803,ENST00000456518,ENSE00000768714,242,474
ENSG00000010803,ENST00000456518,ENSE00000768679,475,601
ENSG00000010803,ENST00000456518,ENSE00003561389,602,802
ENSG00000010803,ENST00000456518,ENSE00003619263,803,994
ENSG00000010803,ENST00000456518,ENSE00003469342,995,1174
ENSG00000010803,ENST00000456518,ENSE00003515629,1175,1317
ENSG00000010803,ENST00000456518,ENSE00003719624,1,6
ENSG00000010803,ENST00000456518,ENSE00003749246,1318,1443
