ensembl_exon_id,ensembl_transcript_id,chromosome_name,transcript_biotype,pfam,pfam_start,pfam_end
ENSE00002615702,ENST00000567504,16,protein_coding,NA,NA,NA
ENSE00000665163,ENST00000567504,16,protein_coding,NA,NA,NA
ENSE00002619554,ENST00000567504,16,protein_coding,NA,NA,NA
ENSE00000665163,ENST00000424542,16,protein_coding,PF09007,232,266
ENSE00001720069,ENST00000424542,16,protein_coding,PF09007,232,266
ENSE00003459324,ENST00000424542,16,protein_coding,PF09007,232,266
ENSE00003556781,ENST00000424542,16,protein_coding,PF09007,232,266
ENSE00003588346,ENST00000424542,16,protein_coding,PF09007,232,266
ENSE00003560936,ENST00000424542,16,protein_coding,PF09007,232,266
ENSE00001652372,ENST00000424542,16,protein_coding,PF09007,232,266
ENSE00000665163,ENST00000424542,16,protein_coding,PF09007,269,337
ENSE00001720069,ENST00000424542,16,protein_coding,PF09007,269,337
ENSE00003459324,ENST00000424542,16,protein_coding,PF09007,269,337
ENSE00003556781,ENST00000424542,16,protein_coding,PF09007,269,337
ENSE00003588346,ENST00000424542,16,protein_coding,PF09007,269,337
ENSE00003560936,ENST00000424542,16,protein_coding,PF09007,269,337
ENSE00001652372,ENST00000424542,16,protein_coding,PF09007,269,337
ENSE00000665163,ENST00000424542,16,protein_coding,PF00595,154,227
ENSE00001720069,ENST00000424542,16,protein_coding,PF00595,154,227
ENSE00003459324,ENST00000424542,16,protein_coding,PF00595,154,227
ENSE00003556781,ENST00000424542,16,protein_coding,PF00595,154,227
ENSE00003588346,ENST00000424542,16,protein_coding,PF00595,154,227
ENSE00003560936,ENST00000424542,16,protein_coding,PF00595,154,227
ENSE00001652372,ENST00000424542,16,protein_coding,PF00595,154,227
ENSE00000665163,ENST00000424542,16,protein_coding,PF00595,16,87
ENSE00001720069,ENST00000424542,16,protein_coding,PF00595,16,87
ENSE00003459324,ENST00000424542,16,protein_coding,PF00595,16,87
ENSE00003556781,ENST00000424542,16,protein_coding,PF00595,16,87
ENSE00003588346,ENST00000424542,16,protein_coding,PF00595,16,87
ENSE00003560936,ENST00000424542,16,protein_coding,PF00595,16,87
ENSE00001652372,ENST00000424542,16,protein_coding,PF00595,16,87
ENSE00000665163,ENST00000432365,16,protein_coding,PF00595,16,87
ENSE00003459324,ENST00000432365,16,protein_coding,PF00595,16,87
ENSE00003556781,ENST00000432365,16,protein_coding,PF00595,16,87
ENSE00003588346,ENST00000432365,16,protein_coding,PF00595,16,87
ENSE00003560936,ENST00000432365,16,protein_coding,PF00595,16,87
ENSE00002630385,ENST00000432365,16,protein_coding,PF00595,16,87
ENSE00001626489,ENST00000432365,16,protein_coding,PF00595,16,87
ENSE00000665163,ENST00000432365,16,protein_coding,PF00595,154,227
ENSE00003459324,ENST00000432365,16,protein_coding,PF00595,154,227
ENSE00003556781,ENST00000432365,16,protein_coding,PF00595,154,227
ENSE00003588346,ENST00000432365,16,protein_coding,PF00595,154,227
ENSE00003560936,ENST00000432365,16,protein_coding,PF00595,154,227
ENSE00002630385,ENST00000432365,16,protein_coding,PF00595,154,227
ENSE00001626489,ENST00000432365,16,protein_coding,PF00595,154,227
ENSE00000665163,ENST00000432365,16,protein_coding,PF09007,232,271
ENSE00003459324,ENST00000432365,16,protein_coding,PF09007,232,271
ENSE00003556781,ENST00000432365,16,protein_coding,PF09007,232,271
ENSE00003588346,ENST00000432365,16,protein_coding,PF09007,232,271
ENSE00003560936,ENST00000432365,16,protein_coding,PF09007,232,271
ENSE00002630385,ENST00000432365,16,protein_coding,PF09007,232,271
ENSE00001626489,ENST00000432365,16,protein_coding,PF09007,232,271
ENSE00000665163,ENST00000432365,16,protein_coding,PF09007,281,326
ENSE00003459324,ENST00000432365,16,protein_coding,PF09007,281,326
ENSE00003556781,ENST00000432365,16,protein_coding,PF09007,281,326
ENSE00003588346,ENST00000432365,16,protein_coding,PF09007,281,326
ENSE00003560936,ENST00000432365,16,protein_coding,PF09007,281,326
ENSE00002630385,ENST00000432365,16,protein_coding,PF09007,281,326
ENSE00001626489,ENST00000432365,16,protein_coding,PF09007,281,326
ENSE00003459324,ENST00000563587,16,protein_coding,PF00595,48,121
ENSE00003556781,ENST00000563587,16,protein_coding,PF00595,48,121
ENSE00003588346,ENST00000563587,16,protein_coding,PF00595,48,121
ENSE00003560936,ENST00000563587,16,protein_coding,PF00595,48,121
ENSE00002607720,ENST00000563587,16,protein_coding,PF00595,48,121
ENSE00002593166,ENST00000563587,16,protein_coding,PF00595,48,121
ENSE00003459324,ENST00000563587,16,protein_coding,PF09007,126,162
ENSE00003556781,ENST00000563587,16,protein_coding,PF09007,126,162
ENSE00003588346,ENST00000563587,16,protein_coding,PF09007,126,162
ENSE00003560936,ENST00000563587,16,protein_coding,PF09007,126,162
ENSE00002607720,ENST00000563587,16,protein_coding,PF09007,126,162
ENSE00002593166,ENST00000563587,16,protein_coding,PF09007,126,162
ENSE00003459324,ENST00000563587,16,protein_coding,PF09007,163,231
ENSE00003556781,ENST00000563587,16,protein_coding,PF09007,163,231
ENSE00003588346,ENST00000563587,16,protein_coding,PF09007,163,231
ENSE00003560936,ENST00000563587,16,protein_coding,PF09007,163,231
ENSE00002607720,ENST00000563587,16,protein_coding,PF09007,163,231
ENSE00002593166,ENST00000563587,16,protein_coding,PF09007,163,231
ENSE00003459324,ENST00000561844,16,protein_coding,PF09007,104,145
ENSE00003556781,ENST00000561844,16,protein_coding,PF09007,104,145
ENSE00003588346,ENST00000561844,16,protein_coding,PF09007,104,145
ENSE00003560936,ENST00000561844,16,protein_coding,PF09007,104,145
ENSE00002614888,ENST00000561844,16,protein_coding,PF09007,104,145
ENSE00002610041,ENST00000561844,16,protein_coding,PF09007,104,145
ENSE00003459324,ENST00000561844,16,protein_coding,PF00595,26,99
ENSE00003556781,ENST00000561844,16,protein_coding,PF00595,26,99
ENSE00003588346,ENST00000561844,16,protein_coding,PF00595,26,99
ENSE00003560936,ENST00000561844,16,protein_coding,PF00595,26,99
ENSE00002614888,ENST00000561844,16,protein_coding,PF00595,26,99
ENSE00002610041,ENST00000561844,16,protein_coding,PF00595,26,99
ENSE00003459324,ENST00000565855,16,protein_coding,PF09007,119,154
ENSE00003556781,ENST00000565855,16,protein_coding,PF09007,119,154
ENSE00003588346,ENST00000565855,16,protein_coding,PF09007,119,154
ENSE00003560936,ENST00000565855,16,protein_coding,PF09007,119,154
ENSE00002625717,ENST00000565855,16,protein_coding,PF09007,119,154
ENSE00002617863,ENST00000565855,16,protein_coding,PF09007,119,154
ENSE00003459324,ENST00000565855,16,protein_coding,PF09007,156,223
ENSE00003556781,ENST00000565855,16,protein_coding,PF09007,156,223
ENSE00003588346,ENST00000565855,16,protein_coding,PF09007,156,223
ENSE00003560936,ENST00000565855,16,protein_coding,PF09007,156,223
ENSE00002625717,ENST00000565855,16,protein_coding,PF09007,156,223
ENSE00002617863,ENST00000565855,16,protein_coding,PF09007,156,223
ENSE00003459324,ENST00000565855,16,protein_coding,PF00595,41,114
ENSE00003556781,ENST00000565855,16,protein_coding,PF00595,41,114
ENSE00003588346,ENST00000565855,16,protein_coding,PF00595,41,114
ENSE00003560936,ENST00000565855,16,protein_coding,PF00595,41,114
ENSE00002625717,ENST00000565855,16,protein_coding,PF00595,41,114
ENSE00002617863,ENST00000565855,16,protein_coding,PF00595,41,114
ENSE00003459324,ENST00000566198,16,protein_coding,PF09007,121,156
ENSE00003556781,ENST00000566198,16,protein_coding,PF09007,121,156
ENSE00003588346,ENST00000566198,16,protein_coding,PF09007,121,156
ENSE00003560936,ENST00000566198,16,protein_coding,PF09007,121,156
ENSE00002624194,ENST00000566198,16,protein_coding,PF09007,121,156
ENSE00002586811,ENST00000566198,16,protein_coding,PF09007,121,156
ENSE00003459324,ENST00000566198,16,protein_coding,PF09007,158,226
ENSE00003556781,ENST00000566198,16,protein_coding,PF09007,158,226
ENSE00003588346,ENST00000566198,16,protein_coding,PF09007,158,226
ENSE00003560936,ENST00000566198,16,protein_coding,PF09007,158,226
ENSE00002624194,ENST00000566198,16,protein_coding,PF09007,158,226
ENSE00002586811,ENST00000566198,16,protein_coding,PF09007,158,226
ENSE00003459324,ENST00000566198,16,protein_coding,PF00595,43,116
ENSE00003556781,ENST00000566198,16,protein_coding,PF00595,43,116
ENSE00003588346,ENST00000566198,16,protein_coding,PF00595,43,116
ENSE00003560936,ENST00000566198,16,protein_coding,PF00595,43,116
ENSE00002624194,ENST00000566198,16,protein_coding,PF00595,43,116
ENSE00002586811,ENST00000566198,16,protein_coding,PF00595,43,116
ENSE00001486780,ENST00000543245,17,protein_coding,PF02771,126,232
ENSE00002218812,ENST00000543245,17,protein_coding,PF02771,126,232
ENSE00003628984,ENST00000543245,17,protein_coding,PF02771,126,232
ENSE00003656333,ENST00000543245,17,protein_coding,PF02771,126,232
ENSE00003592784,ENST00000543245,17,protein_coding,PF02771,126,232
ENSE00003678875,ENST00000543245,17,protein_coding,PF02771,126,232
ENSE00003682500,ENST00000543245,17,protein_coding,PF02771,126,232
ENSE00003623330,ENST00000543245,17,protein_coding,PF02771,126,232
ENSE00003496224,ENST00000543245,17,protein_coding,PF02771,126,232
ENSE00003498077,ENST00000543245,17,protein_coding,PF02771,126,232
ENSE00003579906,ENST00000543245,17,protein_coding,PF02771,126,232
ENSE00003626264,ENST00000543245,17,protein_coding,PF02771,126,232
ENSE00003539847,ENST00000543245,17,protein_coding,PF02771,126,232
ENSE00003495192,ENST00000543245,17,protein_coding,PF02771,126,232
ENSE00003587027,ENST00000543245,17,protein_coding,PF02771,126,232
ENSE00003650064,ENST00000543245,17,protein_coding,PF02771,126,232
ENSE00003600063,ENST00000543245,17,protein_coding,PF02771,126,232
ENSE00003624965,ENST00000543245,17,protein_coding,PF02771,126,232
ENSE00003511252,ENST00000543245,17,protein_coding,PF02771,126,232
ENSE00003579637,ENST00000543245,17,protein_coding,PF02771,126,232
ENSE00003602696,ENST00000543245,17,protein_coding,PF02771,126,232
ENSE00001486780,ENST00000543245,17,protein_coding,PF02770,236,338
ENSE00002218812,ENST00000543245,17,protein_coding,PF02770,236,338
ENSE00003628984,ENST00000543245,17,protein_coding,PF02770,236,338
ENSE00003656333,ENST00000543245,17,protein_coding,PF02770,236,338
ENSE00003592784,ENST00000543245,17,protein_coding,PF02770,236,338
ENSE00003678875,ENST00000543245,17,protein_coding,PF02770,236,338
ENSE00003682500,ENST00000543245,17,protein_coding,PF02770,236,338
ENSE00003623330,ENST00000543245,17,protein_coding,PF02770,236,338
ENSE00003496224,ENST00000543245,17,protein_coding,PF02770,236,338
ENSE00003498077,ENST00000543245,17,protein_coding,PF02770,236,338
ENSE00003579906,ENST00000543245,17,protein_coding,PF02770,236,338
ENSE00003626264,ENST00000543245,17,protein_coding,PF02770,236,338
ENSE00003539847,ENST00000543245,17,protein_coding,PF02770,236,338
ENSE00003495192,ENST00000543245,17,protein_coding,PF02770,236,338
ENSE00003587027,ENST00000543245,17,protein_coding,PF02770,236,338
ENSE00003650064,ENST00000543245,17,protein_coding,PF02770,236,338
ENSE00003600063,ENST00000543245,17,protein_coding,PF02770,236,338
ENSE00003624965,ENST00000543245,17,protein_coding,PF02770,236,338
ENSE00003511252,ENST00000543245,17,protein_coding,PF02770,236,338
ENSE00003579637,ENST00000543245,17,protein_coding,PF02770,236,338
ENSE00003602696,ENST00000543245,17,protein_coding,PF02770,236,338
ENSE00001486780,ENST00000543245,17,protein_coding,PF00441,350,496
ENSE00002218812,ENST00000543245,17,protein_coding,PF00441,350,496
ENSE00003628984,ENST00000543245,17,protein_coding,PF00441,350,496
ENSE00003656333,ENST00000543245,17,protein_coding,PF00441,350,496
ENSE00003592784,ENST00000543245,17,protein_coding,PF00441,350,496
ENSE00003678875,ENST00000543245,17,protein_coding,PF00441,350,496
ENSE00003682500,ENST00000543245,17,protein_coding,PF00441,350,496
ENSE00003623330,ENST00000543245,17,protein_coding,PF00441,350,496
ENSE00003496224,ENST00000543245,17,protein_coding,PF00441,350,496
ENSE00003498077,ENST00000543245,17,protein_coding,PF00441,350,496
ENSE00003579906,ENST00000543245,17,protein_coding,PF00441,350,496
ENSE00003626264,ENST00000543245,17,protein_coding,PF00441,350,496
ENSE00003539847,ENST00000543245,17,protein_coding,PF00441,350,496
ENSE00003495192,ENST00000543245,17,protein_coding,PF00441,350,496
ENSE00003587027,ENST00000543245,17,protein_coding,PF00441,350,496
ENSE00003650064,ENST00000543245,17,protein_coding,PF00441,350,496
ENSE00003600063,ENST00000543245,17,protein_coding,PF00441,350,496
ENSE00003624965,ENST00000543245,17,protein_coding,PF00441,350,496
ENSE00003511252,ENST00000543245,17,protein_coding,PF00441,350,496
ENSE00003579637,ENST00000543245,17,protein_coding,PF00441,350,496
ENSE00003602696,ENST00000543245,17,protein_coding,PF00441,350,496
ENSE00001486780,ENST00000543245,17,protein_coding,PF21343,565,637
ENSE00002218812,ENST00000543245,17,protein_coding,PF21343,565,637
ENSE00003628984,ENST00000543245,17,protein_coding,PF21343,565,637
ENSE00003656333,ENST00000543245,17,protein_coding,PF21343,565,637
ENSE00003592784,ENST00000543245,17,protein_coding,PF21343,565,637
ENSE00003678875,ENST00000543245,17,protein_coding,PF21343,565,637
ENSE00003682500,ENST00000543245,17,protein_coding,PF21343,565,637
ENSE00003623330,ENST00000543245,17,protein_coding,PF21343,565,637
ENSE00003496224,ENST00000543245,17,protein_coding,PF21343,565,637
ENSE00003498077,ENST00000543245,17,protein_coding,PF21343,565,637
ENSE00003579906,ENST00000543245,17,protein_coding,PF21343,565,637
ENSE00003626264,ENST00000543245,17,protein_coding,PF21343,565,637
ENSE00003539847,ENST00000543245,17,protein_coding,PF21343,565,637
ENSE00003495192,ENST00000543245,17,protein_coding,PF21343,565,637
ENSE00003587027,ENST00000543245,17,protein_coding,PF21343,565,637
ENSE00003650064,ENST00000543245,17,protein_coding,PF21343,565,637
ENSE00003600063,ENST00000543245,17,protein_coding,PF21343,565,637
ENSE00003624965,ENST00000543245,17,protein_coding,PF21343,565,637
ENSE00003511252,ENST00000543245,17,protein_coding,PF21343,565,637
ENSE00003579637,ENST00000543245,17,protein_coding,PF21343,565,637
ENSE00003602696,ENST00000543245,17,protein_coding,PF21343,565,637
ENSE00003628984,ENST00000583312,17,protein_coding,PF02771,103,207
ENSE00003656333,ENST00000583312,17,protein_coding,PF02771,103,207
ENSE00003592784,ENST00000583312,17,protein_coding,PF02771,103,207
ENSE00003678875,ENST00000583312,17,protein_coding,PF02771,103,207
ENSE00003682500,ENST00000583312,17,protein_coding,PF02771,103,207
ENSE00003623330,ENST00000583312,17,protein_coding,PF02771,103,207
ENSE00003485057,ENST00000583312,17,protein_coding,PF02771,103,207
ENSE00002692782,ENST00000583312,17,protein_coding,PF02771,103,207
ENSE00003628984,ENST00000350303,17,protein_coding,PF02771,81,187
ENSE00003592784,ENST00000350303,17,protein_coding,PF02771,81,187
ENSE00003678875,ENST00000350303,17,protein_coding,PF02771,81,187
ENSE00003682500,ENST00000350303,17,protein_coding,PF02771,81,187
ENSE00003623330,ENST00000350303,17,protein_coding,PF02771,81,187
ENSE00003496224,ENST00000350303,17,protein_coding,PF02771,81,187
ENSE00003498077,ENST00000350303,17,protein_coding,PF02771,81,187
ENSE00003579906,ENST00000350303,17,protein_coding,PF02771,81,187
ENSE00003626264,ENST00000350303,17,protein_coding,PF02771,81,187
ENSE00003539847,ENST00000350303,17,protein_coding,PF02771,81,187
ENSE00003495192,ENST00000350303,17,protein_coding,PF02771,81,187
ENSE00003587027,ENST00000350303,17,protein_coding,PF02771,81,187
ENSE00003650064,ENST00000350303,17,protein_coding,PF02771,81,187
ENSE00003600063,ENST00000350303,17,protein_coding,PF02771,81,187
ENSE00003624965,ENST00000350303,17,protein_coding,PF02771,81,187
ENSE00003511252,ENST00000350303,17,protein_coding,PF02771,81,187
ENSE00003579637,ENST00000350303,17,protein_coding,PF02771,81,187
ENSE00002699341,ENST00000350303,17,protein_coding,PF02771,81,187
ENSE00002722283,ENST00000350303,17,protein_coding,PF02771,81,187
ENSE00003628984,ENST00000350303,17,protein_coding,PF21343,520,592
ENSE00003592784,ENST00000350303,17,protein_coding,PF21343,520,592
ENSE00003678875,ENST00000350303,17,protein_coding,PF21343,520,592
ENSE00003682500,ENST00000350303,17,protein_coding,PF21343,520,592
ENSE00003623330,ENST00000350303,17,protein_coding,PF21343,520,592
ENSE00003496224,ENST00000350303,17,protein_coding,PF21343,520,592
ENSE00003498077,ENST00000350303,17,protein_coding,PF21343,520,592
ENSE00003579906,ENST00000350303,17,protein_coding,PF21343,520,592
ENSE00003626264,ENST00000350303,17,protein_coding,PF21343,520,592
ENSE00003539847,ENST00000350303,17,protein_coding,PF21343,520,592
ENSE00003495192,ENST00000350303,17,protein_coding,PF21343,520,592
ENSE00003587027,ENST00000350303,17,protein_coding,PF21343,520,592
ENSE00003650064,ENST00000350303,17,protein_coding,PF21343,520,592
ENSE00003600063,ENST00000350303,17,protein_coding,PF21343,520,592
ENSE00003624965,ENST00000350303,17,protein_coding,PF21343,520,592
ENSE00003511252,ENST00000350303,17,protein_coding,PF21343,520,592
ENSE00003579637,ENST00000350303,17,protein_coding,PF21343,520,592
ENSE00002699341,ENST00000350303,17,protein_coding,PF21343,520,592
ENSE00002722283,ENST00000350303,17,protein_coding,PF21343,520,592
ENSE00003628984,ENST00000350303,17,protein_coding,PF02770,191,293
ENSE00003592784,ENST00000350303,17,protein_coding,PF02770,191,293
ENSE00003678875,ENST00000350303,17,protein_coding,PF02770,191,293
ENSE00003682500,ENST00000350303,17,protein_coding,PF02770,191,293
ENSE00003623330,ENST00000350303,17,protein_coding,PF02770,191,293
ENSE00003496224,ENST00000350303,17,protein_coding,PF02770,191,293
ENSE00003498077,ENST00000350303,17,protein_coding,PF02770,191,293
ENSE00003579906,ENST00000350303,17,protein_coding,PF02770,191,293
ENSE00003626264,ENST00000350303,17,protein_coding,PF02770,191,293
ENSE00003539847,ENST00000350303,17,protein_coding,PF02770,191,293
ENSE00003495192,ENST00000350303,17,protein_coding,PF02770,191,293
ENSE00003587027,ENST00000350303,17,protein_coding,PF02770,191,293
ENSE00003650064,ENST00000350303,17,protein_coding,PF02770,191,293
ENSE00003600063,ENST00000350303,17,protein_coding,PF02770,191,293
ENSE00003624965,ENST00000350303,17,protein_coding,PF02770,191,293
ENSE00003511252,ENST00000350303,17,protein_coding,PF02770,191,293
ENSE00003579637,ENST00000350303,17,protein_coding,PF02770,191,293
ENSE00002699341,ENST00000350303,17,protein_coding,PF02770,191,293
ENSE00002722283,ENST00000350303,17,protein_coding,PF02770,191,293
ENSE00003628984,ENST00000350303,17,protein_coding,PF00441,305,451
ENSE00003592784,ENST00000350303,17,protein_coding,PF00441,305,451
ENSE00003678875,ENST00000350303,17,protein_coding,PF00441,305,451
ENSE00003682500,ENST00000350303,17,protein_coding,PF00441,305,451
ENSE00003623330,ENST00000350303,17,protein_coding,PF00441,305,451
ENSE00003496224,ENST00000350303,17,protein_coding,PF00441,305,451
ENSE00003498077,ENST00000350303,17,protein_coding,PF00441,305,451
ENSE00003579906,ENST00000350303,17,protein_coding,PF00441,305,451
ENSE00003626264,ENST00000350303,17,protein_coding,PF00441,305,451
ENSE00003539847,ENST00000350303,17,protein_coding,PF00441,305,451
ENSE00003495192,ENST00000350303,17,protein_coding,PF00441,305,451
ENSE00003587027,ENST00000350303,17,protein_coding,PF00441,305,451
ENSE00003650064,ENST00000350303,17,protein_coding,PF00441,305,451
ENSE00003600063,ENST00000350303,17,protein_coding,PF00441,305,451
ENSE00003624965,ENST00000350303,17,protein_coding,PF00441,305,451
ENSE00003511252,ENST00000350303,17,protein_coding,PF00441,305,451
ENSE00003579637,ENST00000350303,17,protein_coding,PF00441,305,451
ENSE00002699341,ENST00000350303,17,protein_coding,PF00441,305,451
ENSE00002722283,ENST00000350303,17,protein_coding,PF00441,305,451
ENSE00003628984,ENST00000584103,17,protein_coding,NA,NA,NA
ENSE00003656333,ENST00000584103,17,protein_coding,NA,NA,NA
ENSE00003592784,ENST00000584103,17,protein_coding,NA,NA,NA
ENSE00003678875,ENST00000584103,17,protein_coding,NA,NA,NA
ENSE00002721019,ENST00000584103,17,protein_coding,NA,NA,NA
ENSE00002712568,ENST00000584103,17,protein_coding,NA,NA,NA
ENSE00003628984,ENST00000356839,17,protein_coding,PF21343,542,614
ENSE00003656333,ENST00000356839,17,protein_coding,PF21343,542,614
ENSE00003592784,ENST00000356839,17,protein_coding,PF21343,542,614
ENSE00003678875,ENST00000356839,17,protein_coding,PF21343,542,614
ENSE00003682500,ENST00000356839,17,protein_coding,PF21343,542,614
ENSE00003623330,ENST00000356839,17,protein_coding,PF21343,542,614
ENSE00003496224,ENST00000356839,17,protein_coding,PF21343,542,614
ENSE00003498077,ENST00000356839,17,protein_coding,PF21343,542,614
ENSE00003579906,ENST00000356839,17,protein_coding,PF21343,542,614
ENSE00003626264,ENST00000356839,17,protein_coding,PF21343,542,614
ENSE00003539847,ENST00000356839,17,protein_coding,PF21343,542,614
ENSE00003495192,ENST00000356839,17,protein_coding,PF21343,542,614
ENSE00003587027,ENST00000356839,17,protein_coding,PF21343,542,614
ENSE00003650064,ENST00000356839,17,protein_coding,PF21343,542,614
ENSE00003600063,ENST00000356839,17,protein_coding,PF21343,542,614
ENSE00003624965,ENST00000356839,17,protein_coding,PF21343,542,614
ENSE00003511252,ENST00000356839,17,protein_coding,PF21343,542,614
ENSE00003579637,ENST00000356839,17,protein_coding,PF21343,542,614
ENSE00003602696,ENST00000356839,17,protein_coding,PF21343,542,614
ENSE00001486705,ENST00000356839,17,protein_coding,PF21343,542,614
ENSE00003628984,ENST00000356839,17,protein_coding,PF00441,327,473
ENSE00003656333,ENST00000356839,17,protein_coding,PF00441,327,473
ENSE00003592784,ENST00000356839,17,protein_coding,PF00441,327,473
ENSE00003678875,ENST00000356839,17,protein_coding,PF00441,327,473
ENSE00003682500,ENST00000356839,17,protein_coding,PF00441,327,473
ENSE00003623330,ENST00000356839,17,protein_coding,PF00441,327,473
ENSE00003496224,ENST00000356839,17,protein_coding,PF00441,327,473
ENSE00003498077,ENST00000356839,17,protein_coding,PF00441,327,473
ENSE00003579906,ENST00000356839,17,protein_coding,PF00441,327,473
ENSE00003626264,ENST00000356839,17,protein_coding,PF00441,327,473
ENSE00003539847,ENST00000356839,17,protein_coding,PF00441,327,473
ENSE00003495192,ENST00000356839,17,protein_coding,PF00441,327,473
ENSE00003587027,ENST00000356839,17,protein_coding,PF00441,327,473
ENSE00003650064,ENST00000356839,17,protein_coding,PF00441,327,473
ENSE00003600063,ENST00000356839,17,protein_coding,PF00441,327,473
ENSE00003624965,ENST00000356839,17,protein_coding,PF00441,327,473
ENSE00003511252,ENST00000356839,17,protein_coding,PF00441,327,473
ENSE00003579637,ENST00000356839,17,protein_coding,PF00441,327,473
ENSE00003602696,ENST00000356839,17,protein_coding,PF00441,327,473
ENSE00001486705,ENST00000356839,17,protein_coding,PF00441,327,473
ENSE00003628984,ENST00000356839,17,protein_coding,PF02770,213,315
ENSE00003656333,ENST00000356839,17,protein_coding,PF02770,213,315
ENSE00003592784,ENST00000356839,17,protein_coding,PF02770,213,315
ENSE00003678875,ENST00000356839,17,protein_coding,PF02770,213,315
ENSE00003682500,ENST00000356839,17,protein_coding,PF02770,213,315
ENSE00003623330,ENST00000356839,17,protein_coding,PF02770,213,315
ENSE00003496224,ENST00000356839,17,protein_coding,PF02770,213,315
ENSE00003498077,ENST00000356839,17,protein_coding,PF02770,213,315
ENSE00003579906,ENST00000356839,17,protein_coding,PF02770,213,315
ENSE00003626264,ENST00000356839,17,protein_coding,PF02770,213,315
ENSE00003539847,ENST00000356839,17,protein_coding,PF02770,213,315
ENSE00003495192,ENST00000356839,17,protein_coding,PF02770,213,315
ENSE00003587027,ENST00000356839,17,protein_coding,PF02770,213,315
ENSE00003650064,ENST00000356839,17,protein_coding,PF02770,213,315
ENSE00003600063,ENST00000356839,17,protein_coding,PF02770,213,315
ENSE00003624965,ENST00000356839,17,protein_coding,PF02770,213,315
ENSE00003511252,ENST00000356839,17,protein_coding,PF02770,213,315
ENSE00003579637,ENST00000356839,17,protein_coding,PF02770,213,315
ENSE00003602696,ENST00000356839,17,protein_coding,PF02770,213,315
ENSE00001486705,ENST00000356839,17,protein_coding,PF02770,213,315
ENSE00003628984,ENST00000356839,17,protein_coding,PF02771,103,209
ENSE00003656333,ENST00000356839,17,protein_coding,PF02771,103,209
ENSE00003592784,ENST00000356839,17,protein_coding,PF02771,103,209
ENSE00003678875,ENST00000356839,17,protein_coding,PF02771,103,209
ENSE00003682500,ENST00000356839,17,protein_coding,PF02771,103,209
ENSE00003623330,ENST00000356839,17,protein_coding,PF02771,103,209
ENSE00003496224,ENST00000356839,17,protein_coding,PF02771,103,209
ENSE00003498077,ENST00000356839,17,protein_coding,PF02771,103,209
ENSE00003579906,ENST00000356839,17,protein_coding,PF02771,103,209
ENSE00003626264,ENST00000356839,17,protein_coding,PF02771,103,209
ENSE00003539847,ENST00000356839,17,protein_coding,PF02771,103,209
ENSE00003495192,ENST00000356839,17,protein_coding,PF02771,103,209
ENSE00003587027,ENST00000356839,17,protein_coding,PF02771,103,209
ENSE00003650064,ENST00000356839,17,protein_coding,PF02771,103,209
ENSE00003600063,ENST00000356839,17,protein_coding,PF02771,103,209
ENSE00003624965,ENST00000356839,17,protein_coding,PF02771,103,209
ENSE00003511252,ENST00000356839,17,protein_coding,PF02771,103,209
ENSE00003579637,ENST00000356839,17,protein_coding,PF02771,103,209
ENSE00003602696,ENST00000356839,17,protein_coding,PF02771,103,209
ENSE00001486705,ENST00000356839,17,protein_coding,PF02771,103,209
ENSE00003628984,ENST00000579886,17,protein_coding,PF02771,67,155
ENSE00003623330,ENST00000579886,17,protein_coding,PF02771,67,155
ENSE00002718102,ENST00000579886,17,protein_coding,PF02771,67,155
ENSE00002695923,ENST00000579886,17,protein_coding,PF02771,67,155
ENSE00002697698,ENST00000579886,17,protein_coding,PF02771,67,155
ENSE00002889914,ENST00000579886,17,protein_coding,PF02771,67,155
ENSE00003539847,ENST00000542255,17,protein_coding,PF21343,202,241
ENSE00003495192,ENST00000542255,17,protein_coding,PF21343,202,241
ENSE00003587027,ENST00000542255,17,protein_coding,PF21343,202,241
ENSE00003650064,ENST00000542255,17,protein_coding,PF21343,202,241
ENSE00003600063,ENST00000542255,17,protein_coding,PF21343,202,241
ENSE00003624965,ENST00000542255,17,protein_coding,PF21343,202,241
ENSE00003602696,ENST00000542255,17,protein_coding,PF21343,202,241
ENSE00002691213,ENST00000542255,17,protein_coding,PF21343,202,241
ENSE00002691261,ENST00000542255,17,protein_coding,PF21343,202,241
ENSE00003539847,ENST00000542255,17,protein_coding,PF00441,2,93
ENSE00003495192,ENST00000542255,17,protein_coding,PF00441,2,93
ENSE00003587027,ENST00000542255,17,protein_coding,PF00441,2,93
ENSE00003650064,ENST00000542255,17,protein_coding,PF00441,2,93
ENSE00003600063,ENST00000542255,17,protein_coding,PF00441,2,93
ENSE00003624965,ENST00000542255,17,protein_coding,PF00441,2,93
ENSE00003602696,ENST00000542255,17,protein_coding,PF00441,2,93
ENSE00002691213,ENST00000542255,17,protein_coding,PF00441,2,93
ENSE00002691261,ENST00000542255,17,protein_coding,PF00441,2,93
ENSE00003539847,ENST00000579546,17,protein_coding,PF00441,5,86
ENSE00003495192,ENST00000579546,17,protein_coding,PF00441,5,86
ENSE00003587027,ENST00000579546,17,protein_coding,PF00441,5,86
ENSE00003511252,ENST00000579546,17,protein_coding,PF00441,5,86
ENSE00003579637,ENST00000579546,17,protein_coding,PF00441,5,86
ENSE00003574374,ENST00000579546,17,protein_coding,PF00441,5,86
ENSE00002713462,ENST00000579546,17,protein_coding,PF00441,5,86
ENSE00003667762,ENST00000579546,17,protein_coding,PF00441,5,86
ENSE00002720887,ENST00000579546,17,protein_coding,PF00441,5,86
ENSE00003539847,ENST00000579546,17,protein_coding,PF21343,121,193
ENSE00003495192,ENST00000579546,17,protein_coding,PF21343,121,193
ENSE00003587027,ENST00000579546,17,protein_coding,PF21343,121,193
ENSE00003511252,ENST00000579546,17,protein_coding,PF21343,121,193
ENSE00003579637,ENST00000579546,17,protein_coding,PF21343,121,193
ENSE00003574374,ENST00000579546,17,protein_coding,PF21343,121,193
ENSE00002713462,ENST00000579546,17,protein_coding,PF21343,121,193
ENSE00003667762,ENST00000579546,17,protein_coding,PF21343,121,193
ENSE00002720887,ENST00000579546,17,protein_coding,PF21343,121,193
ENSE00001251873,ENST00000313777,19,protein_coding,PF19037,175,269
ENSE00003529157,ENST00000313777,19,protein_coding,PF19037,175,269
ENSE00003510926,ENST00000313777,19,protein_coding,PF19037,175,269
ENSE00003661417,ENST00000313777,19,protein_coding,PF19037,175,269
ENSE00003532065,ENST00000313777,19,protein_coding,PF19037,175,269
ENSE00003551816,ENST00000313777,19,protein_coding,PF19037,175,269
ENSE00003636849,ENST00000313777,19,protein_coding,PF19037,175,269
ENSE00003587933,ENST00000313777,19,protein_coding,PF19037,175,269
ENSE00003516956,ENST00000313777,19,protein_coding,PF19037,175,269
ENSE00003539309,ENST00000313777,19,protein_coding,PF19037,175,269
ENSE00002186940,ENST00000313777,19,protein_coding,PF19037,175,269
ENSE00001251873,ENST00000313777,19,protein_coding,PF19038,296,415
ENSE00003529157,ENST00000313777,19,protein_coding,PF19038,296,415
ENSE00003510926,ENST00000313777,19,protein_coding,PF19038,296,415
ENSE00003661417,ENST00000313777,19,protein_coding,PF19038,296,415
ENSE00003532065,ENST00000313777,19,protein_coding,PF19038,296,415
ENSE00003551816,ENST00000313777,19,protein_coding,PF19038,296,415
ENSE00003636849,ENST00000313777,19,protein_coding,PF19038,296,415
ENSE00003587933,ENST00000313777,19,protein_coding,PF19038,296,415
ENSE00003516956,ENST00000313777,19,protein_coding,PF19038,296,415
ENSE00003539309,ENST00000313777,19,protein_coding,PF19038,296,415
ENSE00002186940,ENST00000313777,19,protein_coding,PF19038,296,415
ENSE00001251873,ENST00000313777,19,protein_coding,PF19036,11,137
ENSE00003529157,ENST00000313777,19,protein_coding,PF19036,11,137
ENSE00003510926,ENST00000313777,19,protein_coding,PF19036,11,137
ENSE00003661417,ENST00000313777,19,protein_coding,PF19036,11,137
ENSE00003532065,ENST00000313777,19,protein_coding,PF19036,11,137
ENSE00003551816,ENST00000313777,19,protein_coding,PF19036,11,137
ENSE00003636849,ENST00000313777,19,protein_coding,PF19036,11,137
ENSE00003587933,ENST00000313777,19,protein_coding,PF19036,11,137
ENSE00003516956,ENST00000313777,19,protein_coding,PF19036,11,137
ENSE00003539309,ENST00000313777,19,protein_coding,PF19036,11,137
ENSE00002186940,ENST00000313777,19,protein_coding,PF19036,11,137
ENSE00003137513,ENST00000529634,19,protein_coding,PF19038,2,49
ENSE00003544719,ENST00000529634,19,protein_coding,PF19038,2,49
ENSE00003019035,ENST00000529634,19,protein_coding,PF19038,2,49
ENSE00002146105,ENST00000529634,19,protein_coding,PF19038,2,49
ENSE00003661417,ENST00000528094,19,protein_coding,PF19038,260,379
ENSE00003532065,ENST00000528094,19,protein_coding,PF19038,260,379
ENSE00003551816,ENST00000528094,19,protein_coding,PF19038,260,379
ENSE00003636849,ENST00000528094,19,protein_coding,PF19038,260,379
ENSE00003587933,ENST00000528094,19,protein_coding,PF19038,260,379
ENSE00003516956,ENST00000528094,19,protein_coding,PF19038,260,379
ENSE00003539309,ENST00000528094,19,protein_coding,PF19038,260,379
ENSE00002145695,ENST00000528094,19,protein_coding,PF19038,260,379
ENSE00003603035,ENST00000528094,19,protein_coding,PF19038,260,379
ENSE00002172294,ENST00000528094,19,protein_coding,PF19038,260,379
ENSE00003661417,ENST00000528094,19,protein_coding,PF19036,11,73
ENSE00003532065,ENST00000528094,19,protein_coding,PF19036,11,73
ENSE00003551816,ENST00000528094,19,protein_coding,PF19036,11,73
ENSE00003636849,ENST00000528094,19,protein_coding,PF19036,11,73
ENSE00003587933,ENST00000528094,19,protein_coding,PF19036,11,73
ENSE00003516956,ENST00000528094,19,protein_coding,PF19036,11,73
ENSE00003539309,ENST00000528094,19,protein_coding,PF19036,11,73
ENSE00002145695,ENST00000528094,19,protein_coding,PF19036,11,73
ENSE00003603035,ENST00000528094,19,protein_coding,PF19036,11,73
ENSE00002172294,ENST00000528094,19,protein_coding,PF19036,11,73
ENSE00003661417,ENST00000528094,19,protein_coding,PF19037,139,233
ENSE00003532065,ENST00000528094,19,protein_coding,PF19037,139,233
ENSE00003551816,ENST00000528094,19,protein_coding,PF19037,139,233
ENSE00003636849,ENST00000528094,19,protein_coding,PF19037,139,233
ENSE00003587933,ENST00000528094,19,protein_coding,PF19037,139,233
ENSE00003516956,ENST00000528094,19,protein_coding,PF19037,139,233
ENSE00003539309,ENST00000528094,19,protein_coding,PF19037,139,233
ENSE00002145695,ENST00000528094,19,protein_coding,PF19037,139,233
ENSE00003603035,ENST00000528094,19,protein_coding,PF19037,139,233
ENSE00002172294,ENST00000528094,19,protein_coding,PF19037,139,233
ENSE00003510926,ENST00000533418,19,protein_coding,PF19038,246,365
ENSE00003661417,ENST00000533418,19,protein_coding,PF19038,246,365
ENSE00003532065,ENST00000533418,19,protein_coding,PF19038,246,365
ENSE00003551816,ENST00000533418,19,protein_coding,PF19038,246,365
ENSE00003636849,ENST00000533418,19,protein_coding,PF19038,246,365
ENSE00003587933,ENST00000533418,19,protein_coding,PF19038,246,365
ENSE00003516956,ENST00000533418,19,protein_coding,PF19038,246,365
ENSE00003539309,ENST00000533418,19,protein_coding,PF19038,246,365
ENSE00002172294,ENST00000533418,19,protein_coding,PF19038,246,365
ENSE00002147156,ENST00000533418,19,protein_coding,PF19038,246,365
ENSE00003573525,ENST00000533418,19,protein_coding,PF19038,246,365
ENSE00003510926,ENST00000533418,19,protein_coding,PF19037,125,219
ENSE00003661417,ENST00000533418,19,protein_coding,PF19037,125,219
ENSE00003532065,ENST00000533418,19,protein_coding,PF19037,125,219
ENSE00003551816,ENST00000533418,19,protein_coding,PF19037,125,219
ENSE00003636849,ENST00000533418,19,protein_coding,PF19037,125,219
ENSE00003587933,ENST00000533418,19,protein_coding,PF19037,125,219
ENSE00003516956,ENST00000533418,19,protein_coding,PF19037,125,219
ENSE00003539309,ENST00000533418,19,protein_coding,PF19037,125,219
ENSE00002172294,ENST00000533418,19,protein_coding,PF19037,125,219
ENSE00002147156,ENST00000533418,19,protein_coding,PF19037,125,219
ENSE00003573525,ENST00000533418,19,protein_coding,PF19037,125,219
ENSE00003510926,ENST00000533418,19,protein_coding,PF19036,1,87
ENSE00003661417,ENST00000533418,19,protein_coding,PF19036,1,87
ENSE00003532065,ENST00000533418,19,protein_coding,PF19036,1,87
ENSE00003551816,ENST00000533418,19,protein_coding,PF19036,1,87
ENSE00003636849,ENST00000533418,19,protein_coding,PF19036,1,87
ENSE00003587933,ENST00000533418,19,protein_coding,PF19036,1,87
ENSE00003516956,ENST00000533418,19,protein_coding,PF19036,1,87
ENSE00003539309,ENST00000533418,19,protein_coding,PF19036,1,87
ENSE00002172294,ENST00000533418,19,protein_coding,PF19036,1,87
ENSE00002147156,ENST00000533418,19,protein_coding,PF19036,1,87
ENSE00003573525,ENST00000533418,19,protein_coding,PF19036,1,87
ENSE00003661417,ENST00000529302,19,protein_coding,NA,NA,NA
ENSE00002168482,ENST00000529302,19,protein_coding,NA,NA,NA
ENSE00002158390,ENST00000529302,19,protein_coding,NA,NA,NA
ENSE00003474376,ENST00000529302,19,protein_coding,NA,NA,NA
ENSE00003667966,ENST00000529302,19,protein_coding,NA,NA,NA
ENSE00002147146,ENST00000529302,19,protein_coding,NA,NA,NA
ENSE00003529157,ENST00000526575,19,protein_coding,PF19036,11,77
ENSE00003551160,ENST00000526575,19,protein_coding,PF19036,11,77
ENSE00002147326,ENST00000526575,19,protein_coding,PF19036,11,77
ENSE00002187083,ENST00000526575,19,protein_coding,PF19036,11,77
ENSE00003693521,ENST00000397410,19,protein_coding,PF04988,414,549
ENSE00003607658,ENST00000397410,19,protein_coding,PF04988,414,549
ENSE00003547549,ENST00000397410,19,protein_coding,PF04988,414,549
ENSE00003568503,ENST00000397410,19,protein_coding,PF04988,414,549
ENSE00003575529,ENST00000397410,19,protein_coding,PF04988,414,549
ENSE00003710027,ENST00000397410,19,protein_coding,PF04988,414,549
ENSE00003707414,ENST00000397410,19,protein_coding,PF04988,414,549
ENSE00003705303,ENST00000397410,19,protein_coding,PF04988,414,549
ENSE00003703289,ENST00000397410,19,protein_coding,PF04988,414,549
ENSE00003506012,ENST00000397410,19,protein_coding,PF04988,414,549
ENSE00003567904,ENST00000397410,19,protein_coding,PF04988,414,549
ENSE00003668730,ENST00000397410,19,protein_coding,PF04988,414,549
ENSE00003606649,ENST00000397410,19,protein_coding,PF04988,414,549
ENSE00003487431,ENST00000397410,19,protein_coding,PF04988,414,549
ENSE00003607658,ENST00000595465,19,protein_coding,PF04988,353,488
ENSE00003547549,ENST00000595465,19,protein_coding,PF04988,353,488
ENSE00003575529,ENST00000595465,19,protein_coding,PF04988,353,488
ENSE00003710027,ENST00000595465,19,protein_coding,PF04988,353,488
ENSE00003707414,ENST00000595465,19,protein_coding,PF04988,353,488
ENSE00003705303,ENST00000595465,19,protein_coding,PF04988,353,488
ENSE00003703289,ENST00000595465,19,protein_coding,PF04988,353,488
ENSE00003506012,ENST00000595465,19,protein_coding,PF04988,353,488
ENSE00003567904,ENST00000595465,19,protein_coding,PF04988,353,488
ENSE00003668730,ENST00000595465,19,protein_coding,PF04988,353,488
ENSE00003606649,ENST00000595465,19,protein_coding,PF04988,353,488
ENSE00003487431,ENST00000595465,19,protein_coding,PF04988,353,488
ENSE00003563914,ENST00000595465,19,protein_coding,PF04988,353,488
ENSE00003133905,ENST00000595465,19,protein_coding,PF04988,353,488
ENSE00003607658,ENST00000679638,19,protein_coding,PF04988,414,467
ENSE00003547549,ENST00000679638,19,protein_coding,PF04988,414,467
ENSE00003568503,ENST00000679638,19,protein_coding,PF04988,414,467
ENSE00003575529,ENST00000679638,19,protein_coding,PF04988,414,467
ENSE00003710027,ENST00000679638,19,protein_coding,PF04988,414,467
ENSE00003707414,ENST00000679638,19,protein_coding,PF04988,414,467
ENSE00003705303,ENST00000679638,19,protein_coding,PF04988,414,467
ENSE00003703289,ENST00000679638,19,protein_coding,PF04988,414,467
ENSE00003506012,ENST00000679638,19,protein_coding,PF04988,414,467
ENSE00003567904,ENST00000679638,19,protein_coding,PF04988,414,467
ENSE00003913611,ENST00000679638,19,protein_coding,PF04988,414,467
ENSE00003914653,ENST00000679638,19,protein_coding,PF04988,414,467
ENSE00003916011,ENST00000679638,19,protein_coding,PF04988,414,467
ENSE00003911035,ENST00000679638,19,protein_coding,PF04988,414,467
ENSE00003607658,ENST00000680649,19,protein_coding,PF04988,380,515
ENSE00003547549,ENST00000680649,19,protein_coding,PF04988,380,515
ENSE00003575529,ENST00000680649,19,protein_coding,PF04988,380,515
ENSE00003710027,ENST00000680649,19,protein_coding,PF04988,380,515
ENSE00003707414,ENST00000680649,19,protein_coding,PF04988,380,515
ENSE00003705303,ENST00000680649,19,protein_coding,PF04988,380,515
ENSE00003703289,ENST00000680649,19,protein_coding,PF04988,380,515
ENSE00003506012,ENST00000680649,19,protein_coding,PF04988,380,515
ENSE00003567904,ENST00000680649,19,protein_coding,PF04988,380,515
ENSE00003668730,ENST00000680649,19,protein_coding,PF04988,380,515
ENSE00003606649,ENST00000680649,19,protein_coding,PF04988,380,515
ENSE00003563914,ENST00000680649,19,protein_coding,PF04988,380,515
ENSE00003706614,ENST00000680649,19,protein_coding,PF04988,380,515
ENSE00003914204,ENST00000680649,19,protein_coding,PF04988,380,515
ENSE00003910781,ENST00000680649,19,protein_coding,PF04988,380,515
ENSE00003693521,ENST00000596195,19,protein_coding,NA,NA,NA
ENSE00003607658,ENST00000596195,19,protein_coding,NA,NA,NA
ENSE00003568503,ENST00000596195,19,protein_coding,NA,NA,NA
ENSE00003000112,ENST00000596195,19,protein_coding,NA,NA,NA
ENSE00003704138,ENST00000600247,19,protein_coding,NA,NA,NA
ENSE00003711369,ENST00000600247,19,protein_coding,NA,NA,NA
ENSE00003120968,ENST00000600247,19,protein_coding,NA,NA,NA
ENSE00003578432,ENST00000600247,19,protein_coding,NA,NA,NA
ENSE00003006648,ENST00000600247,19,protein_coding,NA,NA,NA
ENSE00003693521,ENST00000595067,19,protein_coding,NA,NA,NA
ENSE00003607658,ENST00000595067,19,protein_coding,NA,NA,NA
ENSE00003022123,ENST00000595067,19,protein_coding,NA,NA,NA
ENSE00003033547,ENST00000595067,19,protein_coding,NA,NA,NA
ENSE00001765913,ENST00000445755,19,protein_coding,PF06244,131,214
ENSE00001658662,ENST00000445755,19,protein_coding,PF06244,131,214
ENSE00001056262,ENST00000445755,19,protein_coding,PF06244,131,214
ENSE00000689900,ENST00000445755,19,protein_coding,PF06244,131,214
ENSE00003035563,ENST00000445755,19,protein_coding,PF06244,131,214
ENSE00001658662,ENST00000597436,19,protein_coding,PF06244,131,214
ENSE00001056262,ENST00000597436,19,protein_coding,PF06244,131,214
ENSE00000689900,ENST00000597436,19,protein_coding,PF06244,131,214
ENSE00002985245,ENST00000597436,19,protein_coding,PF06244,131,214
ENSE00001125989,ENST00000597436,19,protein_coding,PF06244,131,214
ENSE00001056262,ENST00000596123,19,protein_coding,NA,NA,NA
ENSE00003206868,ENST00000596123,19,protein_coding,NA,NA,NA
ENSE00003149036,ENST00000596123,19,protein_coding,NA,NA,NA
ENSE00003908028,ENST00000592199,19,protein_coding,PF10524,8,46
ENSE00003674153,ENST00000592199,19,protein_coding,PF10524,8,46
ENSE00003634013,ENST00000592199,19,protein_coding,PF10524,8,46
ENSE00003567637,ENST00000592199,19,protein_coding,PF10524,8,46
ENSE00003525435,ENST00000592199,19,protein_coding,PF10524,8,46
ENSE00003585342,ENST00000592199,19,protein_coding,PF10524,8,46
ENSE00003480560,ENST00000592199,19,protein_coding,PF10524,8,46
ENSE00003591998,ENST00000592199,19,protein_coding,PF10524,8,46
ENSE00003488314,ENST00000592199,19,protein_coding,PF10524,8,46
ENSE00003636536,ENST00000592199,19,protein_coding,PF10524,8,46
ENSE00003909140,ENST00000592199,19,protein_coding,PF10524,8,46
ENSE00003908028,ENST00000592199,19,protein_coding,PF00859,213,495
ENSE00003674153,ENST00000592199,19,protein_coding,PF00859,213,495
ENSE00003634013,ENST00000592199,19,protein_coding,PF00859,213,495
ENSE00003567637,ENST00000592199,19,protein_coding,PF00859,213,495
ENSE00003525435,ENST00000592199,19,protein_coding,PF00859,213,495
ENSE00003585342,ENST00000592199,19,protein_coding,PF00859,213,495
ENSE00003480560,ENST00000592199,19,protein_coding,PF00859,213,495
ENSE00003591998,ENST00000592199,19,protein_coding,PF00859,213,495
ENSE00003488314,ENST00000592199,19,protein_coding,PF00859,213,495
ENSE00003636536,ENST00000592199,19,protein_coding,PF00859,213,495
ENSE00003909140,ENST00000592199,19,protein_coding,PF00859,213,495
ENSE00003908028,ENST00000592199,19,protein_coding,PF03165,69,169
ENSE00003674153,ENST00000592199,19,protein_coding,PF03165,69,169
ENSE00003634013,ENST00000592199,19,protein_coding,PF03165,69,169
ENSE00003567637,ENST00000592199,19,protein_coding,PF03165,69,169
ENSE00003525435,ENST00000592199,19,protein_coding,PF03165,69,169
ENSE00003585342,ENST00000592199,19,protein_coding,PF03165,69,169
ENSE00003480560,ENST00000592199,19,protein_coding,PF03165,69,169
ENSE00003591998,ENST00000592199,19,protein_coding,PF03165,69,169
ENSE00003488314,ENST00000592199,19,protein_coding,PF03165,69,169
ENSE00003636536,ENST00000592199,19,protein_coding,PF03165,69,169
ENSE00003909140,ENST00000592199,19,protein_coding,PF03165,69,169
ENSE00003674153,ENST00000397661,19,protein_coding,PF00859,213,419
ENSE00003634013,ENST00000397661,19,protein_coding,PF00859,213,419
ENSE00003567637,ENST00000397661,19,protein_coding,PF00859,213,419
ENSE00003525435,ENST00000397661,19,protein_coding,PF00859,213,419
ENSE00003585342,ENST00000397661,19,protein_coding,PF00859,213,419
ENSE00003480560,ENST00000397661,19,protein_coding,PF00859,213,419
ENSE00003591998,ENST00000397661,19,protein_coding,PF00859,213,419
ENSE00001484291,ENST00000397661,19,protein_coding,PF00859,213,419
ENSE00003673903,ENST00000397661,19,protein_coding,PF00859,213,419
ENSE00002861908,ENST00000397661,19,protein_coding,PF00859,213,419
ENSE00003674153,ENST00000397661,19,protein_coding,PF10524,8,46
ENSE00003634013,ENST00000397661,19,protein_coding,PF10524,8,46
ENSE00003567637,ENST00000397661,19,protein_coding,PF10524,8,46
ENSE00003525435,ENST00000397661,19,protein_coding,PF10524,8,46
ENSE00003585342,ENST00000397661,19,protein_coding,PF10524,8,46
ENSE00003480560,ENST00000397661,19,protein_coding,PF10524,8,46
ENSE00003591998,ENST00000397661,19,protein_coding,PF10524,8,46
ENSE00001484291,ENST00000397661,19,protein_coding,PF10524,8,46
ENSE00003673903,ENST00000397661,19,protein_coding,PF10524,8,46
ENSE00002861908,ENST00000397661,19,protein_coding,PF10524,8,46
ENSE00003674153,ENST00000397661,19,protein_coding,PF03165,69,169
ENSE00003634013,ENST00000397661,19,protein_coding,PF03165,69,169
ENSE00003567637,ENST00000397661,19,protein_coding,PF03165,69,169
ENSE00003525435,ENST00000397661,19,protein_coding,PF03165,69,169
ENSE00003585342,ENST00000397661,19,protein_coding,PF03165,69,169
ENSE00003480560,ENST00000397661,19,protein_coding,PF03165,69,169
ENSE00003591998,ENST00000397661,19,protein_coding,PF03165,69,169
ENSE00001484291,ENST00000397661,19,protein_coding,PF03165,69,169
ENSE00003673903,ENST00000397661,19,protein_coding,PF03165,69,169
ENSE00002861908,ENST00000397661,19,protein_coding,PF03165,69,169
ENSE00002904139,ENST00000590027,19,protein_coding,PF03165,22,122
ENSE00002776483,ENST00000590027,19,protein_coding,PF03165,22,122
ENSE00003674153,ENST00000587760,19,protein_coding,PF03165,61,161
ENSE00003634013,ENST00000587760,19,protein_coding,PF03165,61,161
ENSE00003567637,ENST00000587760,19,protein_coding,PF03165,61,161
ENSE00003525435,ENST00000587760,19,protein_coding,PF03165,61,161
ENSE00003585342,ENST00000587760,19,protein_coding,PF03165,61,161
ENSE00003480560,ENST00000587760,19,protein_coding,PF03165,61,161
ENSE00003591998,ENST00000587760,19,protein_coding,PF03165,61,161
ENSE00003673903,ENST00000587760,19,protein_coding,PF03165,61,161
ENSE00002968121,ENST00000587760,19,protein_coding,PF03165,61,161
ENSE00002956673,ENST00000587760,19,protein_coding,PF03165,61,161
ENSE00003674153,ENST00000587760,19,protein_coding,PF10524,2,38
ENSE00003634013,ENST00000587760,19,protein_coding,PF10524,2,38
ENSE00003567637,ENST00000587760,19,protein_coding,PF10524,2,38
ENSE00003525435,ENST00000587760,19,protein_coding,PF10524,2,38
ENSE00003585342,ENST00000587760,19,protein_coding,PF10524,2,38
ENSE00003480560,ENST00000587760,19,protein_coding,PF10524,2,38
ENSE00003591998,ENST00000587760,19,protein_coding,PF10524,2,38
ENSE00003673903,ENST00000587760,19,protein_coding,PF10524,2,38
ENSE00002968121,ENST00000587760,19,protein_coding,PF10524,2,38
ENSE00002956673,ENST00000587760,19,protein_coding,PF10524,2,38
ENSE00003674153,ENST00000587760,19,protein_coding,PF00859,205,411
ENSE00003634013,ENST00000587760,19,protein_coding,PF00859,205,411
ENSE00003567637,ENST00000587760,19,protein_coding,PF00859,205,411
ENSE00003525435,ENST00000587760,19,protein_coding,PF00859,205,411
ENSE00003585342,ENST00000587760,19,protein_coding,PF00859,205,411
ENSE00003480560,ENST00000587760,19,protein_coding,PF00859,205,411
ENSE00003591998,ENST00000587760,19,protein_coding,PF00859,205,411
ENSE00003673903,ENST00000587760,19,protein_coding,PF00859,205,411
ENSE00002968121,ENST00000587760,19,protein_coding,PF00859,205,411
ENSE00002956673,ENST00000587760,19,protein_coding,PF00859,205,411
ENSE00003674153,ENST00000585575,19,protein_coding,PF03165,61,161
ENSE00003634013,ENST00000585575,19,protein_coding,PF03165,61,161
ENSE00003567637,ENST00000585575,19,protein_coding,PF03165,61,161
ENSE00003525435,ENST00000585575,19,protein_coding,PF03165,61,161
ENSE00003585342,ENST00000585575,19,protein_coding,PF03165,61,161
ENSE00003480560,ENST00000585575,19,protein_coding,PF03165,61,161
ENSE00003591998,ENST00000585575,19,protein_coding,PF03165,61,161
ENSE00003488314,ENST00000585575,19,protein_coding,PF03165,61,161
ENSE00003636536,ENST00000585575,19,protein_coding,PF03165,61,161
ENSE00002852064,ENST00000585575,19,protein_coding,PF03165,61,161
ENSE00002903493,ENST00000585575,19,protein_coding,PF03165,61,161
ENSE00003674153,ENST00000585575,19,protein_coding,PF00859,205,487
ENSE00003634013,ENST00000585575,19,protein_coding,PF00859,205,487
ENSE00003567637,ENST00000585575,19,protein_coding,PF00859,205,487
ENSE00003525435,ENST00000585575,19,protein_coding,PF00859,205,487
ENSE00003585342,ENST00000585575,19,protein_coding,PF00859,205,487
ENSE00003480560,ENST00000585575,19,protein_coding,PF00859,205,487
ENSE00003591998,ENST00000585575,19,protein_coding,PF00859,205,487
ENSE00003488314,ENST00000585575,19,protein_coding,PF00859,205,487
ENSE00003636536,ENST00000585575,19,protein_coding,PF00859,205,487
ENSE00002852064,ENST00000585575,19,protein_coding,PF00859,205,487
ENSE00002903493,ENST00000585575,19,protein_coding,PF00859,205,487
ENSE00003674153,ENST00000585575,19,protein_coding,PF10524,2,38
ENSE00003634013,ENST00000585575,19,protein_coding,PF10524,2,38
ENSE00003567637,ENST00000585575,19,protein_coding,PF10524,2,38
ENSE00003525435,ENST00000585575,19,protein_coding,PF10524,2,38
ENSE00003585342,ENST00000585575,19,protein_coding,PF10524,2,38
ENSE00003480560,ENST00000585575,19,protein_coding,PF10524,2,38
ENSE00003591998,ENST00000585575,19,protein_coding,PF10524,2,38
ENSE00003488314,ENST00000585575,19,protein_coding,PF10524,2,38
ENSE00003636536,ENST00000585575,19,protein_coding,PF10524,2,38
ENSE00002852064,ENST00000585575,19,protein_coding,PF10524,2,38
ENSE00002903493,ENST00000585575,19,protein_coding,PF10524,2,38
ENSE00003674153,ENST00000360105,19,protein_coding,PF03165,72,172
ENSE00003634013,ENST00000360105,19,protein_coding,PF03165,72,172
ENSE00003567637,ENST00000360105,19,protein_coding,PF03165,72,172
ENSE00003525435,ENST00000360105,19,protein_coding,PF03165,72,172
ENSE00003585342,ENST00000360105,19,protein_coding,PF03165,72,172
ENSE00003591998,ENST00000360105,19,protein_coding,PF03165,72,172
ENSE00003673903,ENST00000360105,19,protein_coding,PF03165,72,172
ENSE00002823152,ENST00000360105,19,protein_coding,PF03165,72,172
ENSE00003524155,ENST00000360105,19,protein_coding,PF03165,72,172
ENSE00003674153,ENST00000360105,19,protein_coding,PF00859,216,322
ENSE00003634013,ENST00000360105,19,protein_coding,PF00859,216,322
ENSE00003567637,ENST00000360105,19,protein_coding,PF00859,216,322
ENSE00003525435,ENST00000360105,19,protein_coding,PF00859,216,322
ENSE00003585342,ENST00000360105,19,protein_coding,PF00859,216,322
ENSE00003591998,ENST00000360105,19,protein_coding,PF00859,216,322
ENSE00003673903,ENST00000360105,19,protein_coding,PF00859,216,322
ENSE00002823152,ENST00000360105,19,protein_coding,PF00859,216,322
ENSE00003524155,ENST00000360105,19,protein_coding,PF00859,216,322
ENSE00003674153,ENST00000360105,19,protein_coding,PF00859,322,381
ENSE00003634013,ENST00000360105,19,protein_coding,PF00859,322,381
ENSE00003567637,ENST00000360105,19,protein_coding,PF00859,322,381
ENSE00003525435,ENST00000360105,19,protein_coding,PF00859,322,381
ENSE00003585342,ENST00000360105,19,protein_coding,PF00859,322,381
ENSE00003591998,ENST00000360105,19,protein_coding,PF00859,322,381
ENSE00003673903,ENST00000360105,19,protein_coding,PF00859,322,381
ENSE00002823152,ENST00000360105,19,protein_coding,PF00859,322,381
ENSE00003524155,ENST00000360105,19,protein_coding,PF00859,322,381
ENSE00003674153,ENST00000360105,19,protein_coding,PF10524,11,49
ENSE00003634013,ENST00000360105,19,protein_coding,PF10524,11,49
ENSE00003567637,ENST00000360105,19,protein_coding,PF10524,11,49
ENSE00003525435,ENST00000360105,19,protein_coding,PF10524,11,49
ENSE00003585342,ENST00000360105,19,protein_coding,PF10524,11,49
ENSE00003591998,ENST00000360105,19,protein_coding,PF10524,11,49
ENSE00003673903,ENST00000360105,19,protein_coding,PF10524,11,49
ENSE00002823152,ENST00000360105,19,protein_coding,PF10524,11,49
ENSE00003524155,ENST00000360105,19,protein_coding,PF10524,11,49
ENSE00003634013,ENST00000588228,19,protein_coding,PF03165,22,122
ENSE00003567637,ENST00000588228,19,protein_coding,PF03165,22,122
ENSE00003525435,ENST00000588228,19,protein_coding,PF03165,22,122
ENSE00003585342,ENST00000588228,19,protein_coding,PF03165,22,122
ENSE00003480560,ENST00000588228,19,protein_coding,PF03165,22,122
ENSE00003591998,ENST00000588228,19,protein_coding,PF03165,22,122
ENSE00003488314,ENST00000588228,19,protein_coding,PF03165,22,122
ENSE00003636536,ENST00000588228,19,protein_coding,PF03165,22,122
ENSE00002942047,ENST00000588228,19,protein_coding,PF03165,22,122
ENSE00003519907,ENST00000588228,19,protein_coding,PF03165,22,122
ENSE00002754529,ENST00000588228,19,protein_coding,PF03165,22,122
ENSE00003634013,ENST00000588228,19,protein_coding,PF00859,166,448
ENSE00003567637,ENST00000588228,19,protein_coding,PF00859,166,448
ENSE00003525435,ENST00000588228,19,protein_coding,PF00859,166,448
ENSE00003585342,ENST00000588228,19,protein_coding,PF00859,166,448
ENSE00003480560,ENST00000588228,19,protein_coding,PF00859,166,448
ENSE00003591998,ENST00000588228,19,protein_coding,PF00859,166,448
ENSE00003488314,ENST00000588228,19,protein_coding,PF00859,166,448
ENSE00003636536,ENST00000588228,19,protein_coding,PF00859,166,448
ENSE00002942047,ENST00000588228,19,protein_coding,PF00859,166,448
ENSE00003519907,ENST00000588228,19,protein_coding,PF00859,166,448
ENSE00002754529,ENST00000588228,19,protein_coding,PF00859,166,448
ENSE00003674153,ENST00000676441,19,protein_coding,PF10524,18,54
ENSE00003634013,ENST00000676441,19,protein_coding,PF10524,18,54
ENSE00003567637,ENST00000676441,19,protein_coding,PF10524,18,54
ENSE00003525435,ENST00000676441,19,protein_coding,PF10524,18,54
ENSE00003585342,ENST00000676441,19,protein_coding,PF10524,18,54
ENSE00003480560,ENST00000676441,19,protein_coding,PF10524,18,54
ENSE00003591998,ENST00000676441,19,protein_coding,PF10524,18,54
ENSE00003488314,ENST00000676441,19,protein_coding,PF10524,18,54
ENSE00003636536,ENST00000676441,19,protein_coding,PF10524,18,54
ENSE00002754529,ENST00000676441,19,protein_coding,PF10524,18,54
ENSE00003900485,ENST00000676441,19,protein_coding,PF10524,18,54
ENSE00003674153,ENST00000676441,19,protein_coding,PF00859,221,503
ENSE00003634013,ENST00000676441,19,protein_coding,PF00859,221,503
ENSE00003567637,ENST00000676441,19,protein_coding,PF00859,221,503
ENSE00003525435,ENST00000676441,19,protein_coding,PF00859,221,503
ENSE00003585342,ENST00000676441,19,protein_coding,PF00859,221,503
ENSE00003480560,ENST00000676441,19,protein_coding,PF00859,221,503
ENSE00003591998,ENST00000676441,19,protein_coding,PF00859,221,503
ENSE00003488314,ENST00000676441,19,protein_coding,PF00859,221,503
ENSE00003636536,ENST00000676441,19,protein_coding,PF00859,221,503
ENSE00002754529,ENST00000676441,19,protein_coding,PF00859,221,503
ENSE00003900485,ENST00000676441,19,protein_coding,PF00859,221,503
ENSE00003674153,ENST00000676441,19,protein_coding,PF03165,77,177
ENSE00003634013,ENST00000676441,19,protein_coding,PF03165,77,177
ENSE00003567637,ENST00000676441,19,protein_coding,PF03165,77,177
ENSE00003525435,ENST00000676441,19,protein_coding,PF03165,77,177
ENSE00003585342,ENST00000676441,19,protein_coding,PF03165,77,177
ENSE00003480560,ENST00000676441,19,protein_coding,PF03165,77,177
ENSE00003591998,ENST00000676441,19,protein_coding,PF03165,77,177
ENSE00003488314,ENST00000676441,19,protein_coding,PF03165,77,177
ENSE00003636536,ENST00000676441,19,protein_coding,PF03165,77,177
ENSE00002754529,ENST00000676441,19,protein_coding,PF03165,77,177
ENSE00003900485,ENST00000676441,19,protein_coding,PF03165,77,177
ENSE00002945663,ENST00000591028,19,protein_coding,PF10524,26,62
ENSE00002805466,ENST00000591028,19,protein_coding,PF10524,26,62
ENSE00002945663,ENST00000591028,19,protein_coding,PF03165,85,183
ENSE00002805466,ENST00000591028,19,protein_coding,PF03165,85,183
ENSE00002847390,ENST00000586873,19,protein_coding,PF03165,22,122
ENSE00002927640,ENST00000586873,19,protein_coding,PF03165,22,122
ENSE00003634013,ENST00000358552,19,protein_coding,PF03165,68,168
ENSE00003567637,ENST00000358552,19,protein_coding,PF03165,68,168
ENSE00003525435,ENST00000358552,19,protein_coding,PF03165,68,168
ENSE00003585342,ENST00000358552,19,protein_coding,PF03165,68,168
ENSE00003591998,ENST00000358552,19,protein_coding,PF03165,68,168
ENSE00003488314,ENST00000358552,19,protein_coding,PF03165,68,168
ENSE00003636536,ENST00000358552,19,protein_coding,PF03165,68,168
ENSE00001184017,ENST00000358552,19,protein_coding,PF03165,68,168
ENSE00003928402,ENST00000358552,19,protein_coding,PF03165,68,168
ENSE00003634013,ENST00000358552,19,protein_coding,PF00859,318,453
ENSE00003567637,ENST00000358552,19,protein_coding,PF00859,318,453
ENSE00003525435,ENST00000358552,19,protein_coding,PF00859,318,453
ENSE00003585342,ENST00000358552,19,protein_coding,PF00859,318,453
ENSE00003591998,ENST00000358552,19,protein_coding,PF00859,318,453
ENSE00003488314,ENST00000358552,19,protein_coding,PF00859,318,453
ENSE00003636536,ENST00000358552,19,protein_coding,PF00859,318,453
ENSE00001184017,ENST00000358552,19,protein_coding,PF00859,318,453
ENSE00003928402,ENST00000358552,19,protein_coding,PF00859,318,453
ENSE00003634013,ENST00000358552,19,protein_coding,PF00859,212,318
ENSE00003567637,ENST00000358552,19,protein_coding,PF00859,212,318
ENSE00003525435,ENST00000358552,19,protein_coding,PF00859,212,318
ENSE00003585342,ENST00000358552,19,protein_coding,PF00859,212,318
ENSE00003591998,ENST00000358552,19,protein_coding,PF00859,212,318
ENSE00003488314,ENST00000358552,19,protein_coding,PF00859,212,318
ENSE00003636536,ENST00000358552,19,protein_coding,PF00859,212,318
ENSE00001184017,ENST00000358552,19,protein_coding,PF00859,212,318
ENSE00003928402,ENST00000358552,19,protein_coding,PF00859,212,318
ENSE00003634013,ENST00000358552,19,protein_coding,PF10524,8,45
ENSE00003567637,ENST00000358552,19,protein_coding,PF10524,8,45
ENSE00003525435,ENST00000358552,19,protein_coding,PF10524,8,45
ENSE00003585342,ENST00000358552,19,protein_coding,PF10524,8,45
ENSE00003591998,ENST00000358552,19,protein_coding,PF10524,8,45
ENSE00003488314,ENST00000358552,19,protein_coding,PF10524,8,45
ENSE00003636536,ENST00000358552,19,protein_coding,PF10524,8,45
ENSE00001184017,ENST00000358552,19,protein_coding,PF10524,8,45
ENSE00003928402,ENST00000358552,19,protein_coding,PF10524,8,45
ENSE00003634013,ENST00000622520,19,protein_coding,PF10524,8,45
ENSE00003567637,ENST00000622520,19,protein_coding,PF10524,8,45
ENSE00003525435,ENST00000622520,19,protein_coding,PF10524,8,45
ENSE00003585342,ENST00000622520,19,protein_coding,PF10524,8,45
ENSE00003480560,ENST00000622520,19,protein_coding,PF10524,8,45
ENSE00003636536,ENST00000622520,19,protein_coding,PF10524,8,45
ENSE00001184017,ENST00000622520,19,protein_coding,PF10524,8,45
ENSE00003589775,ENST00000622520,19,protein_coding,PF10524,8,45
ENSE00003634013,ENST00000622520,19,protein_coding,PF03165,68,168
ENSE00003567637,ENST00000622520,19,protein_coding,PF03165,68,168
ENSE00003525435,ENST00000622520,19,protein_coding,PF03165,68,168
ENSE00003585342,ENST00000622520,19,protein_coding,PF03165,68,168
ENSE00003480560,ENST00000622520,19,protein_coding,PF03165,68,168
ENSE00003636536,ENST00000622520,19,protein_coding,PF03165,68,168
ENSE00001184017,ENST00000622520,19,protein_coding,PF03165,68,168
ENSE00003589775,ENST00000622520,19,protein_coding,PF03165,68,168
ENSE00003634013,ENST00000622520,19,protein_coding,PF00859,212,355
ENSE00003567637,ENST00000622520,19,protein_coding,PF00859,212,355
ENSE00003525435,ENST00000622520,19,protein_coding,PF00859,212,355
ENSE00003585342,ENST00000622520,19,protein_coding,PF00859,212,355
ENSE00003480560,ENST00000622520,19,protein_coding,PF00859,212,355
ENSE00003636536,ENST00000622520,19,protein_coding,PF00859,212,355
ENSE00001184017,ENST00000622520,19,protein_coding,PF00859,212,355
ENSE00003589775,ENST00000622520,19,protein_coding,PF00859,212,355
ENSE00003634013,ENST00000587260,19,protein_coding,PF03165,68,168
ENSE00003567637,ENST00000587260,19,protein_coding,PF03165,68,168
ENSE00003525435,ENST00000587260,19,protein_coding,PF03165,68,168
ENSE00003585342,ENST00000587260,19,protein_coding,PF03165,68,168
ENSE00003480560,ENST00000587260,19,protein_coding,PF03165,68,168
ENSE00003591998,ENST00000587260,19,protein_coding,PF03165,68,168
ENSE00003673903,ENST00000587260,19,protein_coding,PF03165,68,168
ENSE00002838696,ENST00000587260,19,protein_coding,PF03165,68,168
ENSE00002770106,ENST00000587260,19,protein_coding,PF03165,68,168
ENSE00003634013,ENST00000587260,19,protein_coding,PF10524,8,45
ENSE00003567637,ENST00000587260,19,protein_coding,PF10524,8,45
ENSE00003525435,ENST00000587260,19,protein_coding,PF10524,8,45
ENSE00003585342,ENST00000587260,19,protein_coding,PF10524,8,45
ENSE00003480560,ENST00000587260,19,protein_coding,PF10524,8,45
ENSE00003591998,ENST00000587260,19,protein_coding,PF10524,8,45
ENSE00003673903,ENST00000587260,19,protein_coding,PF10524,8,45
ENSE00002838696,ENST00000587260,19,protein_coding,PF10524,8,45
ENSE00002770106,ENST00000587260,19,protein_coding,PF10524,8,45
ENSE00003634013,ENST00000587260,19,protein_coding,PF00859,212,418
ENSE00003567637,ENST00000587260,19,protein_coding,PF00859,212,418
ENSE00003525435,ENST00000587260,19,protein_coding,PF00859,212,418
ENSE00003585342,ENST00000587260,19,protein_coding,PF00859,212,418
ENSE00003480560,ENST00000587260,19,protein_coding,PF00859,212,418
ENSE00003591998,ENST00000587260,19,protein_coding,PF00859,212,418
ENSE00003673903,ENST00000587260,19,protein_coding,PF00859,212,418
ENSE00002838696,ENST00000587260,19,protein_coding,PF00859,212,418
ENSE00002770106,ENST00000587260,19,protein_coding,PF00859,212,418
ENSE00003634013,ENST00000693124,19,protein_coding,PF03165,9,109
ENSE00003567637,ENST00000693124,19,protein_coding,PF03165,9,109
ENSE00003525435,ENST00000693124,19,protein_coding,PF03165,9,109
ENSE00003585342,ENST00000693124,19,protein_coding,PF03165,9,109
ENSE00003636536,ENST00000693124,19,protein_coding,PF03165,9,109
ENSE00003931545,ENST00000693124,19,protein_coding,PF03165,9,109
ENSE00003923696,ENST00000693124,19,protein_coding,PF03165,9,109
ENSE00003634013,ENST00000693124,19,protein_coding,PF00859,153,260
ENSE00003567637,ENST00000693124,19,protein_coding,PF00859,153,260
ENSE00003525435,ENST00000693124,19,protein_coding,PF00859,153,260
ENSE00003585342,ENST00000693124,19,protein_coding,PF00859,153,260
ENSE00003636536,ENST00000693124,19,protein_coding,PF00859,153,260
ENSE00003931545,ENST00000693124,19,protein_coding,PF00859,153,260
ENSE00003923696,ENST00000693124,19,protein_coding,PF00859,153,260
ENSE00000856590,ENST00000706948,20,protein_coding,PF00009,5,237
ENSE00003822954,ENST00000706948,20,protein_coding,PF00009,5,237
ENSE00002475952,ENST00000706948,20,protein_coding,PF00009,5,237
ENSE00000663463,ENST00000706948,20,protein_coding,PF00009,5,237
ENSE00000663462,ENST00000706948,20,protein_coding,PF00009,5,237
ENSE00000663461,ENST00000706948,20,protein_coding,PF00009,5,237
ENSE00000663460,ENST00000706948,20,protein_coding,PF00009,5,237
ENSE00001251111,ENST00000706948,20,protein_coding,PF00009,5,237
ENSE00000856590,ENST00000706948,20,protein_coding,PF03144,260,326
ENSE00003822954,ENST00000706948,20,protein_coding,PF03144,260,326
ENSE00002475952,ENST00000706948,20,protein_coding,PF03144,260,326
ENSE00000663463,ENST00000706948,20,protein_coding,PF03144,260,326
ENSE00000663462,ENST00000706948,20,protein_coding,PF03144,260,326
ENSE00000663461,ENST00000706948,20,protein_coding,PF03144,260,326
ENSE00000663460,ENST00000706948,20,protein_coding,PF03144,260,326
ENSE00001251111,ENST00000706948,20,protein_coding,PF03144,260,326
ENSE00000856590,ENST00000706948,20,protein_coding,PF03143,334,418
ENSE00003822954,ENST00000706948,20,protein_coding,PF03143,334,418
ENSE00002475952,ENST00000706948,20,protein_coding,PF03143,334,418
ENSE00000663463,ENST00000706948,20,protein_coding,PF03143,334,418
ENSE00000663462,ENST00000706948,20,protein_coding,PF03143,334,418
ENSE00000663461,ENST00000706948,20,protein_coding,PF03143,334,418
ENSE00000663460,ENST00000706948,20,protein_coding,PF03143,334,418
ENSE00001251111,ENST00000706948,20,protein_coding,PF03143,334,418
ENSE00000856590,ENST00000217182,20,protein_coding,PF03143,334,441
ENSE00003822954,ENST00000217182,20,protein_coding,PF03143,334,441
ENSE00002475952,ENST00000217182,20,protein_coding,PF03143,334,441
ENSE00000663463,ENST00000217182,20,protein_coding,PF03143,334,441
ENSE00000663462,ENST00000217182,20,protein_coding,PF03143,334,441
ENSE00000663461,ENST00000217182,20,protein_coding,PF03143,334,441
ENSE00000663460,ENST00000217182,20,protein_coding,PF03143,334,441
ENSE00003997564,ENST00000217182,20,protein_coding,PF03143,334,441
ENSE00000856590,ENST00000217182,20,protein_coding,PF00009,5,237
ENSE00003822954,ENST00000217182,20,protein_coding,PF00009,5,237
ENSE00002475952,ENST00000217182,20,protein_coding,PF00009,5,237
ENSE00000663463,ENST00000217182,20,protein_coding,PF00009,5,237
ENSE00000663462,ENST00000217182,20,protein_coding,PF00009,5,237
ENSE00000663461,ENST00000217182,20,protein_coding,PF00009,5,237
ENSE00000663460,ENST00000217182,20,protein_coding,PF00009,5,237
ENSE00003997564,ENST00000217182,20,protein_coding,PF00009,5,237
ENSE00000856590,ENST00000217182,20,protein_coding,PF03144,260,326
ENSE00003822954,ENST00000217182,20,protein_coding,PF03144,260,326
ENSE00002475952,ENST00000217182,20,protein_coding,PF03144,260,326
ENSE00000663463,ENST00000217182,20,protein_coding,PF03144,260,326
ENSE00000663462,ENST00000217182,20,protein_coding,PF03144,260,326
ENSE00000663461,ENST00000217182,20,protein_coding,PF03144,260,326
ENSE00000663460,ENST00000217182,20,protein_coding,PF03144,260,326
ENSE00003997564,ENST00000217182,20,protein_coding,PF03144,260,326
ENSE00000856590,ENST00000706949,20,protein_coding,PF00009,5,237
ENSE00003822954,ENST00000706949,20,protein_coding,PF00009,5,237
ENSE00002475952,ENST00000706949,20,protein_coding,PF00009,5,237
ENSE00000663463,ENST00000706949,20,protein_coding,PF00009,5,237
ENSE00000663462,ENST00000706949,20,protein_coding,PF00009,5,237
ENSE00000663461,ENST00000706949,20,protein_coding,PF00009,5,237
ENSE00000663460,ENST00000706949,20,protein_coding,PF00009,5,237
ENSE00003997563,ENST00000706949,20,protein_coding,PF00009,5,237
ENSE00003997562,ENST00000706949,20,protein_coding,PF00009,5,237
ENSE00000856590,ENST00000706949,20,protein_coding,PF03143,334,441
ENSE00003822954,ENST00000706949,20,protein_coding,PF03143,334,441
ENSE00002475952,ENST00000706949,20,protein_coding,PF03143,334,441
ENSE00000663463,ENST00000706949,20,protein_coding,PF03143,334,441
ENSE00000663462,ENST00000706949,20,protein_coding,PF03143,334,441
ENSE00000663461,ENST00000706949,20,protein_coding,PF03143,334,441
ENSE00000663460,ENST00000706949,20,protein_coding,PF03143,334,441
ENSE00003997563,ENST00000706949,20,protein_coding,PF03143,334,441
ENSE00003997562,ENST00000706949,20,protein_coding,PF03143,334,441
ENSE00000856590,ENST00000706949,20,protein_coding,PF03144,260,326
ENSE00003822954,ENST00000706949,20,protein_coding,PF03144,260,326
ENSE00002475952,ENST00000706949,20,protein_coding,PF03144,260,326
ENSE00000663463,ENST00000706949,20,protein_coding,PF03144,260,326
ENSE00000663462,ENST00000706949,20,protein_coding,PF03144,260,326
ENSE00000663461,ENST00000706949,20,protein_coding,PF03144,260,326
ENSE00000663460,ENST00000706949,20,protein_coding,PF03144,260,326
ENSE00003997563,ENST00000706949,20,protein_coding,PF03144,260,326
ENSE00003997562,ENST00000706949,20,protein_coding,PF03144,260,326
ENSE00003822954,ENST00000642899,20,protein_coding,PF00009,5,173
ENSE00002475952,ENST00000642899,20,protein_coding,PF00009,5,173
ENSE00003826477,ENST00000642899,20,protein_coding,PF00009,5,173
ENSE00003826581,ENST00000642899,20,protein_coding,PF00009,5,173
ENSE00002475952,ENST00000645357,20,protein_coding,PF00009,5,150
ENSE00003817527,ENST00000645357,20,protein_coding,PF00009,5,150
ENSE00003824795,ENST00000645357,20,protein_coding,PF00009,5,150
ENSE00003827880,ENST00000645357,20,protein_coding,PF00009,5,150
ENSE00003828331,ENST00000646335,20,protein_coding,PF00009,5,106
ENSE00003828993,ENST00000646335,20,protein_coding,PF00009,5,106
ENSE00003824803,ENST00000646335,20,protein_coding,PF00009,5,106
